facility_id,cehrt_id,developer_name,product_name
100001,0015CHL24QZ8GAF,Epic Systems Corporation,Beacon Cancer Registry Reporting
100002,0015C5KQA8EDE40,Cerner Corporation,Soarian Clinicals
100006,0015CHL24QZ8GAF,Epic Systems Corporation,Beacon Cancer Registry Reporting
100007,0015C8XCN16R6V5,Epic Systems Corporation,Beacon Cancer Registry Reporting
100008,0015C5LFV335W0K,Cerner Corporation,Electronic Case Reporting
10001,0015CAN28DKT47C,Epic Systems Corporation,EpicCare Inpatient Base
100012,0015CWW3R9FPD02,Epic Systems Corporation,Beacon Cancer Registry Reporting
100014,0015C8XCN16R6V5,Epic Systems Corporation,Beacon Cancer Registry Reporting
100017,0015C1VJL5ZWR8P,"DataMotion, Inc.",DataMotion Direct
100018,0015CU69K04CJ9V,Epic Systems Corporation,Beaker Reportable Labs Reporting
100019,0015CU3CJQ8NPW3,"InterOperability Bidco, Inc., d.b.a. Rhapsody",Corepoint Integration Engine
100022,0015CTV4313HQ0J,Cerner Corporation,Electronic Case Reporting
100023,0015C9JE1VGT1E2,Cerner Corporation,HealthSentry
100025,0015C5LFV335W0K,Cerner Corporation,Electronic Case Reporting
100026,0015C5LFV335W0K,Cerner Corporation,Electronic Case Reporting
100028,0015CZR0DT3XAB0,"DataMotion, Inc.",DataMotion Direct
100029,0015C28CYJ5LLF4,"DataMotion, Inc.",DataMotion Direct
100030,0015CHL24QZ8GAF,Epic Systems Corporation,Beacon Cancer Registry Reporting
100032,0015CHL24QZ8GAF,Epic Systems Corporation,Beacon Cancer Registry Reporting
100034,0015C4J0ZKW5KKJ,Epic Systems Corporation,EpicCare Inpatient Base
100035,0015CQC4AND9RQT,Cerner Corporation,Antimicrobial Usage and Resistance Reporting
100038,0015CD44ZFB3ZJS,Epic Systems Corporation,EpicCare Inpatient Base
100039,0015C0BVT3QUF72,Becton Dickinson and Company,HealthSight Advisors
100040,0015C5LFV335W0K,Cerner Corporation,Electronic Case Reporting
100043,0015C2TA6C2GSH7,Cerner Corporation,Antimicrobial Usage and Resistance Reporting
100044,0015C6CMZ6GZP4N,Epic Systems Corporation,Beacon Cancer Registry Reporting
100045,0015C8XCN16R6V5,Epic Systems Corporation,Beacon Cancer Registry Reporting
100046,0015C8XCN16R6V5,Epic Systems Corporation,Beacon Cancer Registry Reporting
100047,0015CPE9ARQ008M,Imprivata,Imprivata FairWarning
100049,0015C622YQ4JDC3,"Surescripts, LLC",Surescripts Clinical Direct Messaging
10005,0015C0HAX4ESQ0D,"Inpriva, Inc.",hDirect Network Services
100050,0015C4VN7FB1UX7,Secure Exchange Solutions,SES Direct
100051,0015CHL24QZ8GAF,Epic Systems Corporation,Beacon Cancer Registry Reporting
100052,0015C2TA6C2GSH7,Cerner Corporation,Antimicrobial Usage and Resistance Reporting
100053,0015C28CYJ5LLF4,"DataMotion, Inc.",DataMotion Direct
100054,0015C622YQ4JDC3,"Surescripts, LLC",Surescripts Clinical Direct Messaging
100055,0015C8XCN16R6V5,Epic Systems Corporation,Beacon Cancer Registry Reporting
100057,0015C8XCN16R6V5,Epic Systems Corporation,Beacon Cancer Registry Reporting
10006,0015CW76TRC3SVN,MedAllies,MedAllies Direct Solutions™
100062,0015C8XCN16R6V5,Epic Systems Corporation,Beacon Cancer Registry Reporting
100063,0015C2TA6C2GSH7,Cerner Corporation,Antimicrobial Usage and Resistance Reporting
100067,0015C2TA6C2GSH7,Cerner Corporation,Antimicrobial Usage and Resistance Reporting
100068,0015C8XCN16R6V5,Epic Systems Corporation,Beacon Cancer Registry Reporting
100069,0015C8XCN16R6V5,Epic Systems Corporation,Beacon Cancer Registry Reporting
10007,0015CFG3Q10HY2V,"Inpriva, Inc.",hDirect Network Services
100071,0015C31Q2L7M8G1,Cerner Corporation,Electronic Case Reporting
100072,0015C8XCN16R6V5,Epic Systems Corporation,Beacon Cancer Registry Reporting
100073,0015C8XCN16R6V5,Epic Systems Corporation,Beacon Cancer Registry Reporting
100075,0015C2TA6C2GSH7,Cerner Corporation,Antimicrobial Usage and Resistance Reporting
100077,0015CPE9ARQ008M,Imprivata,Imprivata FairWarning
10008,0015CFG3Q10HY2V,"Inpriva, Inc.",hDirect Network Services
100080,0015C622YQ4JDC3,"Surescripts, LLC",Surescripts Clinical Direct Messaging
100084,0015CHL24QZ8GAF,Epic Systems Corporation,Beacon Cancer Registry Reporting
100086,0015C0BVT3QUF72,Becton Dickinson and Company,HealthSight Advisors
100087,0015C8M3JPT6GE9,"Clinisys, Inc.",Sunquest Laboratory
100088,0015CVE086KZX4L,Imprivata,FairWarning® Patient Privacy Monitoring
100090,0015CW4VMW3NMY3,Altera Digital Health Inc.,Sunrise Acute Care
100092,0015C28CYJ5LLF4,"DataMotion, Inc.",DataMotion Direct
100093,nan,nan,
100099,0015C8XCN16R6V5,Epic Systems Corporation,Beacon Cancer Registry Reporting
100105,0015C6CMZ6GZP4N,Epic Systems Corporation,Beacon Cancer Registry Reporting
100107,0015C4H2WUK0S3A,Epic Systems Corporation,Beacon Cancer Registry Reporting
100109,0015C8XCN16R6V5,Epic Systems Corporation,Beacon Cancer Registry Reporting
10011,0015C5LFV335W0K,Cerner Corporation,Electronic Case Reporting
100110,0015C622YQ4JDC3,"Surescripts, LLC",Surescripts Clinical Direct Messaging
100113,0015CHL24QZ8GAF,Epic Systems Corporation,Beacon Cancer Registry Reporting
100117,0015CVE086KZX4L,Imprivata,FairWarning® Patient Privacy Monitoring
100118,0015C8XCN16R6V5,Epic Systems Corporation,Beacon Cancer Registry Reporting
10012,0015C8CHE73ABS5,Secure Exchange Solutions,SES Direct
100121,0015C2TA6C2GSH7,Cerner Corporation,Antimicrobial Usage and Resistance Reporting
100122,0015CR8535UDY24,"InterOperability Bidco, Inc., d.b.a. Rhapsody",Rhapsody Integration Engine
100124,0015CSU4PE5PV37,"InterOperability Bidco, Inc., d.b.a. Rhapsody",Rhapsody Integration Engine
100125,0015C5LFV335W0K,Cerner Corporation,Electronic Case Reporting
100126,0015C622YQ4JDC3,"Surescripts, LLC",Surescripts Clinical Direct Messaging
100127,0015C2TA6C2GSH7,Cerner Corporation,Antimicrobial Usage and Resistance Reporting
100128,0015CHK826ALB2Y,Epic Systems Corporation,Beacon Cancer Registry Reporting
100130,0015CD44ZFB3ZJS,Epic Systems Corporation,EpicCare Inpatient Base
100131,0015C622YQ4JDC3,"Surescripts, LLC",Surescripts Clinical Direct Messaging
100132,0015C2TA6C2GSH7,Cerner Corporation,Antimicrobial Usage and Resistance Reporting
100134,0015C04SH6LV6D1,"DataMotion, Inc.",DataMotion Direct
100135,0015CUW9JS131YW,Cerner Corporation,Electronic Case Reporting
100137,0015C8XCN16R6V5,Epic Systems Corporation,Beacon Cancer Registry Reporting
100140,0015CVE086KZX4L,Imprivata,FairWarning® Patient Privacy Monitoring
100142,0015CFG3Q10HY2V,"Inpriva, Inc.",hDirect Network Services
100150,0015CR8535UDY24,"InterOperability Bidco, Inc., d.b.a. Rhapsody",Rhapsody Integration Engine
100151,0015CVV17E9ZY7H,Epic Systems Corporation,Electronic Case Reporting
100154,0015C5LFV335W0K,Cerner Corporation,Electronic Case Reporting
100156,0015C622YQ4JDC3,"Surescripts, LLC",Surescripts Clinical Direct Messaging
100157,0015CFF79Y8R0T3,Cerner Corporation,HealtheAnalytics: Promoting Interoperability
10016,0015CEN2HB2EXA1,Imprivata,Imprivata FairWarning
100161,0015C622YQ4JDC3,"Surescripts, LLC",Surescripts Clinical Direct Messaging
100166,0015C622YQ4JDC3,"Surescripts, LLC",Surescripts Clinical Direct Messaging
100167,0015C622YQ4JDC3,"Surescripts, LLC",Surescripts Clinical Direct Messaging
100168,0015C37W3D9FPX0,Cerner Corporation,Electronic Case Reporting
100173,0015C8XCN16R6V5,Epic Systems Corporation,Beacon Cancer Registry Reporting
100175,0015CH4W5SEB65X,EMR Direct,Interoperability Engine
100176,0015CLT8S0A3MT6,Cerner Corporation,Electronic Case Reporting
100177,0015CU3CJQ8NPW3,"InterOperability Bidco, Inc., d.b.a. Rhapsody",Corepoint Integration Engine
100179,0015C622YQ4JDC3,"Surescripts, LLC",Surescripts Clinical Direct Messaging
10018,0015CN0ZLY04L17,"Surescripts, LLC",Surescripts Clinical Direct Messaging
100180,0015C622YQ4JDC3,"Surescripts, LLC",Surescripts Clinical Direct Messaging
100181,0015C4VN7FB1UX7,Secure Exchange Solutions,SES Direct
100183,0015C28CYJ5LLF4,"DataMotion, Inc.",DataMotion Direct
100187,0015C28CYJ5LLF4,"DataMotion, Inc.",DataMotion Direct
100189,0015C622YQ4JDC3,"Surescripts, LLC",Surescripts Clinical Direct Messaging
10019,nan,nan,
100191,0015C622YQ4JDC3,"Surescripts, LLC",Surescripts Clinical Direct Messaging
100200,0015C0BVT3QUF72,Becton Dickinson and Company,HealthSight Advisors
100204,0015C622YQ4JDC3,"Surescripts, LLC",Surescripts Clinical Direct Messaging
100206,0015C622YQ4JDC3,"Surescripts, LLC",Surescripts Clinical Direct Messaging
100209,0015C622YQ4JDC3,"Surescripts, LLC",Surescripts Clinical Direct Messaging
10021,0015CFG3Q10HY2V,"Inpriva, Inc.",hDirect Network Services
100211,0015C8XCN16R6V5,Epic Systems Corporation,Beacon Cancer Registry Reporting
100212,0015C622YQ4JDC3,"Surescripts, LLC",Surescripts Clinical Direct Messaging
100213,0015C622YQ4JDC3,"Surescripts, LLC",Surescripts Clinical Direct Messaging
100217,0015C28CYJ5LLF4,"DataMotion, Inc.",DataMotion Direct
10022,0015CJ4T57TWR1R,Epic Systems Corporation,Beacon Cancer Registry Reporting
100220,0015CWW3R9FPD02,Epic Systems Corporation,Beacon Cancer Registry Reporting
100223,0015C622YQ4JDC3,"Surescripts, LLC",Surescripts Clinical Direct Messaging
100224,0015C622YQ4JDC3,"Surescripts, LLC",Surescripts Clinical Direct Messaging
100226,0015C622YQ4JDC3,"Surescripts, LLC",Surescripts Clinical Direct Messaging
100228,0015C622YQ4JDC3,"Surescripts, LLC",Surescripts Clinical Direct Messaging
10023,0015CEZ6FY4WR6V,Cerner Corporation,Millennium (CQMs)
100230,0015CD44ZFB3ZJS,Epic Systems Corporation,EpicCare Inpatient Base
100231,0015C622YQ4JDC3,"Surescripts, LLC",Surescripts Clinical Direct Messaging
100232,0015C622YQ4JDC3,"Surescripts, LLC",Surescripts Clinical Direct Messaging
100236,0015C622YQ4JDC3,"Surescripts, LLC",Surescripts Clinical Direct Messaging
100238,0015C622YQ4JDC3,"Surescripts, LLC",Surescripts Clinical Direct Messaging
10024,0015CG91R3XQ5T3,"Premier Healthcare Solutions, Inc.",eCQM Calculator
100242,0015C622YQ4JDC3,"Surescripts, LLC",Surescripts Clinical Direct Messaging
100243,0015C622YQ4JDC3,"Surescripts, LLC",Surescripts Clinical Direct Messaging
100244,0015CWW3R9FPD02,Epic Systems Corporation,Beacon Cancer Registry Reporting
100246,0015C622YQ4JDC3,"Surescripts, LLC",Surescripts Clinical Direct Messaging
100248,0015C622YQ4JDC3,"Surescripts, LLC",Surescripts Clinical Direct Messaging
100249,0015CPE9ARQ008M,Imprivata,Imprivata FairWarning
100252,0015C622YQ4JDC3,"Surescripts, LLC",Surescripts Clinical Direct Messaging
100253,0015C80E18RAW4X,Cerner Corporation,Electronic Case Reporting
100254,0015C622YQ4JDC3,"Surescripts, LLC",Surescripts Clinical Direct Messaging
100256,0015C622YQ4JDC3,"Surescripts, LLC",Surescripts Clinical Direct Messaging
100258,0015CLT8S0A3MT6,Cerner Corporation,Electronic Case Reporting
100259,0015C622YQ4JDC3,"Surescripts, LLC",Surescripts Clinical Direct Messaging
100260,0015C622YQ4JDC3,"Surescripts, LLC",Surescripts Clinical Direct Messaging
100264,0015C622YQ4JDC3,"Surescripts, LLC",Surescripts Clinical Direct Messaging
100265,0015C2TA6C2GSH7,Cerner Corporation,Antimicrobial Usage and Resistance Reporting
100266,nan,nan,
100267,0015C622YQ4JDC3,"Surescripts, LLC",Surescripts Clinical Direct Messaging
100268,0015CLT8S0A3MT6,Cerner Corporation,Electronic Case Reporting
100269,0015C622YQ4JDC3,"Surescripts, LLC",Surescripts Clinical Direct Messaging
100275,0015CQC4AND9RQT,Cerner Corporation,Antimicrobial Usage and Resistance Reporting
100276,0015C0BVT3QUF72,Becton Dickinson and Company,HealthSight Advisors
100277,nan,nan,
100281,0015CD44ZFB3ZJS,Epic Systems Corporation,EpicCare Inpatient Base
100284,0015C8CHE73ABS5,Secure Exchange Solutions,SES Direct
100285,0015CD44ZFB3ZJS,Epic Systems Corporation,EpicCare Inpatient Base
100286,0015CPE9ARQ008M,Imprivata,Imprivata FairWarning
100287,0015CLT8S0A3MT6,Cerner Corporation,Electronic Case Reporting
100288,0015CLT8S0A3MT6,Cerner Corporation,Electronic Case Reporting
100289,0015C6CMZ6GZP4N,Epic Systems Corporation,Beacon Cancer Registry Reporting
10029,0015C1HRS47CWV4,Cerner Corporation,Electronic Case Reporting
100290,0015CHL24QZ8GAF,Epic Systems Corporation,Beacon Cancer Registry Reporting
100291,0015C28CYJ5LLF4,"DataMotion, Inc.",DataMotion Direct
100292,0015C5LFV335W0K,Cerner Corporation,Electronic Case Reporting
100296,0015C5LFV335W0K,Cerner Corporation,Electronic Case Reporting
100298,nan,nan,
100299,0015CQC4AND9RQT,Cerner Corporation,Antimicrobial Usage and Resistance Reporting
100302,0015CHL24QZ8GAF,Epic Systems Corporation,Beacon Cancer Registry Reporting
100307,0015C5LFV335W0K,Cerner Corporation,Electronic Case Reporting
100313,0015C5LFV335W0K,Cerner Corporation,Electronic Case Reporting
100314,0015C5LFV335W0K,Cerner Corporation,Electronic Case Reporting
100315,0015CU3CJQ8NPW3,"InterOperability Bidco, Inc., d.b.a. Rhapsody",Corepoint Integration Engine
100316,0015CU3CJQ8NPW3,"InterOperability Bidco, Inc., d.b.a. Rhapsody",Corepoint Integration Engine
100319,0015C8XCN16R6V5,Epic Systems Corporation,Beacon Cancer Registry Reporting
100320,0015C622YQ4JDC3,"Surescripts, LLC",Surescripts Clinical Direct Messaging
100321,0015C5LFV335W0K,Cerner Corporation,Electronic Case Reporting
100329,0015C622YQ4JDC3,"Surescripts, LLC",Surescripts Clinical Direct Messaging
10033,0015CA3TZV3LRM4,Cerner Corporation,Electronic Case Reporting
100330,0015C1VJL5ZWR8P,"DataMotion, Inc.",DataMotion Direct
10034,0015CFG3Q10HY2V,"Inpriva, Inc.",hDirect Network Services
10035,0015CFG3Q10HY2V,"Inpriva, Inc.",hDirect Network Services
100350,0015C622YQ4JDC3,"Surescripts, LLC",Surescripts Clinical Direct Messaging
100359,0015C8M3JPT6GE9,"Clinisys, Inc.",Sunquest Laboratory
10036,0015CC4NC7PMU4W,Secure Exchange Solutions,SES Direct
100360,0015C622YQ4JDC3,"Surescripts, LLC",Surescripts Clinical Direct Messaging
100361,nan,nan,
100362,0015C2TA6C2GSH7,Cerner Corporation,Antimicrobial Usage and Resistance Reporting
100363,nan,nan,
10039,0015CV1DWP8EW1S,Cerner Corporation,Electronic Case Reporting
10040,0015CPE9ARQ008M,Imprivata,Imprivata FairWarning
10044,0015CRG0QJ69R7T,Veradigm,Veradigm FollowMyHealth®
10045,0015C47EGD92VSJ,Secure Exchange Solutions,SES Direct
10046,0015C4H2WUK0S3A,Epic Systems Corporation,Beacon Cancer Registry Reporting
10049,0015CR8535UDY24,"InterOperability Bidco, Inc., d.b.a. Rhapsody",Rhapsody Integration Engine
10051,0015CFG3Q10HY2V,"Inpriva, Inc.",hDirect Network Services
10052,0015C7URE9RTG1U,"Inpriva, Inc.",hDirect Network Services
10055,0015CPE9ARQ008M,Imprivata,Imprivata FairWarning
10056,0015C5LFV335W0K,Cerner Corporation,Electronic Case Reporting
10058,0015CT0PPT32RH0,Persivia,Persivia Platform
10059,0015CD30BJE5K3L,Secure Exchange Solutions,SES Direct
10061,0015CWC4SAB73GB,"Inpriva, Inc.",hDirect Network Services
10062,0015CB33X8EL5AZ,"VIPA Health Solutions, LLC",24/7 smartEMR
10065,0015C0JMU86CL6B,Secure Exchange Solutions,SES Direct
10073,0015CFG3Q10HY2V,"Inpriva, Inc.",hDirect Network Services
10078,0015C351NUV0GV3,Cerner Corporation,HealthSentry
10079,0015C0HAX4ESQ0D,"Inpriva, Inc.",hDirect Network Services
10083,0015CR8535UDY24,"InterOperability Bidco, Inc., d.b.a. Rhapsody",Rhapsody Integration Engine
10085,0015C9GP30G6V88,Secure Exchange Solutions,SES Direct
10086,0015CU43RP0JE55,Secure Exchange Solutions,SES Direct
10087,0015C5LFV335W0K,Cerner Corporation,Electronic Case Reporting
10089,0015CEN2HB2EXA1,Imprivata,Imprivata FairWarning
10090,0015C5LFV335W0K,Cerner Corporation,Electronic Case Reporting
10091,0015CFG3Q10HY2V,"Inpriva, Inc.",hDirect Network Services
10092,0015C47EGD92VSJ,Secure Exchange Solutions,SES Direct
10095,0015CT0PPT32RH0,Persivia,Persivia Platform
10097,0015C7URE9RTG1U,"Inpriva, Inc.",hDirect Network Services
10099,0015CQ314ZJA5HG,Cerner Corporation,Antimicrobial Usage and Resistance Reporting
10100,0015C97XDZ8XB5U,Epic Systems Corporation,Beaker Reportable Labs Reporting
10101,0015CEN2HB2EXA1,Imprivata,Imprivata FairWarning
10102,0015CT0PPT32RH0,Persivia,Persivia Platform
10103,0015CEN2HB2EXA1,Imprivata,Imprivata FairWarning
10104,0015CPE9ARQ008M,Imprivata,Imprivata FairWarning
10108,0015CEZ6FY4WR6V,Cerner Corporation,Millennium (CQMs)
10110,nan,nan,
10112,nan,nan,
10113,0015C97XDZ8XB5U,Epic Systems Corporation,Beaker Reportable Labs Reporting
10114,0015CBS1QV2E51Z,DrFirst,Rcopia
10118,0015C4XYB82NW5B,"Medisolv, Inc.",ENCOR-e
10120,0015CFG3Q10HY2V,"Inpriva, Inc.",hDirect Network Services
10125,0015C8CHE73ABS5,Secure Exchange Solutions,SES Direct
10126,0015CFG3Q10HY2V,"Inpriva, Inc.",hDirect Network Services
10128,0015CFG3Q10HY2V,"Inpriva, Inc.",hDirect Network Services
10129,0015C97XDZ8XB5U,Epic Systems Corporation,Beaker Reportable Labs Reporting
10130,0015C5LFV335W0K,Cerner Corporation,Electronic Case Reporting
101300,0015C8XCN16R6V5,Epic Systems Corporation,Beacon Cancer Registry Reporting
101303,0015CFG3Q10HY2V,"Inpriva, Inc.",hDirect Network Services
101304,0015CFG3Q10HY2V,"Inpriva, Inc.",hDirect Network Services
101305,nan,nan,
101307,0015C3MEG4NGY2J,"Inpriva, Inc.",hDirect Network Services
101308,0015CFG3Q10HY2V,"Inpriva, Inc.",hDirect Network Services
101309,0015CFG3Q10HY2V,"Inpriva, Inc.",hDirect Network Services
10131,0015CR8535UDY24,"InterOperability Bidco, Inc., d.b.a. Rhapsody",Rhapsody Integration Engine
101311,nan,nan,
101312,0015C5LFV335W0K,Cerner Corporation,Electronic Case Reporting
101313,0015C5LFV335W0K,Cerner Corporation,Electronic Case Reporting
101314,nan,nan,
101315,nan,nan,
10138,nan,nan,
10139,0015CLT8S0A3MT6,Cerner Corporation,Electronic Case Reporting
10144,0015CF2C9MW8EHH,Altera Digital Health Inc.,Sunrise Acute Care
10148,0015CFG3Q10HY2V,"Inpriva, Inc.",hDirect Network Services
10149,0015CEZ6FY4WR6V,Cerner Corporation,Millennium (CQMs)
10150,0015CFG3Q10HY2V,"Inpriva, Inc.",hDirect Network Services
10157,0015CW76TRC3SVN,MedAllies,MedAllies Direct Solutions™
10158,0015CY9N5RK82FA,Secure Exchange Solutions,SES Direct
10164,0015CFG3Q10HY2V,"Inpriva, Inc.",hDirect Network Services
10168,0015C8CHE73ABS5,Secure Exchange Solutions,SES Direct
10169,0015CQ314ZJA5HG,Cerner Corporation,Antimicrobial Usage and Resistance Reporting
10173,0015C5LFV335W0K,Cerner Corporation,Electronic Case Reporting
10174,nan,nan,
10175,0015C069QS9VL47,Cerner Corporation,Electronic Case Reporting
103300,nan,nan,
103301,nan,nan,
103304,nan,nan,
110001,0015C65G4TTY3ZK,Cerner Corporation,FirstNet (CQMs)
110002,0015CM5PG9L54GZ,"Medical Information Technology, Inc. (MEDITECH)",MEDITECH Expanse 2.2 Ambulatory
110003,0015CS48Q53VKT0,"Surescripts, LLC",Surescripts Clinical Direct Messaging
110005,0015C5LFV335W0K,Cerner Corporation,Electronic Case Reporting
110006,0015C8XCN16R6V5,Epic Systems Corporation,Beacon Cancer Registry Reporting
110007,0015C9YFE1KJ3B0,"Medisolv, Inc.",ENCOR-e
110008,0015C5LFV335W0K,Cerner Corporation,Electronic Case Reporting
110010,0015CFP858UQL09,Epic Systems Corporation,Beaker Reportable Labs Reporting
110011,nan,nan,
110015,nan,nan,
110016,0015CFN4FLD1GXG,Epic Systems Corporation,EpicCare Inpatient Base
110018,0015CV1VQ2AEW6U,Epic Systems Corporation,Beaker Reportable Labs Reporting
110023,0015CFG9KA7DWS7,Cerner Corporation,Electronic Case Reporting
110024,0015CT8SSG66TX7,"DataMotion, Inc.",DataMotion Direct
110025,0015CLP8FB7RRE6,Cerner Corporation,Antimicrobial Usage and Resistance Reporting
110027,0015C8XCN16R6V5,Epic Systems Corporation,Beacon Cancer Registry Reporting
110028,0015CV1VQ2AEW6U,Epic Systems Corporation,Beaker Reportable Labs Reporting
110029,0015CWV39V23WRL,Epic Systems Corporation,Beacon Cancer Registry Reporting
110030,0015CV1VQ2AEW6U,Epic Systems Corporation,Beaker Reportable Labs Reporting
110031,0015CFN4FLD1GXG,Epic Systems Corporation,EpicCare Inpatient Base
110032,0015CFG3Q10HY2V,"Inpriva, Inc.",hDirect Network Services
110034,0015CF6CR28MVL0,Imprivata,Imprivata FairWarning
110035,0015CFN4FLD1GXG,Epic Systems Corporation,EpicCare Inpatient Base
110036,0015CME8BNH7WNQ,Epic Systems Corporation,Beacon Cancer Registry Reporting
110038,0015CX2MB6U7SR3,Cerner Corporation,Soarian Clinicals
110041,0015CWV39V23WRL,Epic Systems Corporation,Beacon Cancer Registry Reporting
110042,0015CFN4FLD1GXG,Epic Systems Corporation,EpicCare Inpatient Base
110043,0015CT8SSG66TX7,"DataMotion, Inc.",DataMotion Direct
110044,0015C9YFE1KJ3B0,"Medisolv, Inc.",ENCOR-e
110045,0015CWV39V23WRL,Epic Systems Corporation,Beacon Cancer Registry Reporting
110046,0015CV1VQ2AEW6U,Epic Systems Corporation,Beaker Reportable Labs Reporting
110050,0015CFG9KA7DWS7,Cerner Corporation,Electronic Case Reporting
110051,0015C4DPR23A8VK,Cerner Corporation,Antimicrobial Usage and Resistance Reporting
110054,0015C62X1T3D302,Epic Systems Corporation,Beacon Cancer Registry Reporting
110064,0015CV1VQ2AEW6U,Epic Systems Corporation,Beaker Reportable Labs Reporting
110069,0015C6HCG5AQB5J,"Medical Information Technology, Inc. (MEDITECH)",MEDITECH Patient and Consumer Health Portal
110071,0015CZW6QPH22LK,Persivia,Persivia Platform
110073,0015C0V7KAG3FNU,"Medical Information Technology, Inc. (MEDITECH)",MEDITECH Patient and Consumer Health Portal
110074,0015CV1VQ2AEW6U,Epic Systems Corporation,Beaker Reportable Labs Reporting
110075,0015CPE9ARQ008M,Imprivata,Imprivata FairWarning
110076,0015CFP858UQL09,Epic Systems Corporation,Beaker Reportable Labs Reporting
110078,0015CFP858UQL09,Epic Systems Corporation,Beaker Reportable Labs Reporting
110079,0015C4J0ZKW5KKJ,Epic Systems Corporation,EpicCare Inpatient Base
110082,0015CFP858UQL09,Epic Systems Corporation,Beaker Reportable Labs Reporting
110083,0015CV1VQ2AEW6U,Epic Systems Corporation,Beaker Reportable Labs Reporting
110086,0015CFG3Q10HY2V,"Inpriva, Inc.",hDirect Network Services
110087,0015C5LFV335W0K,Cerner Corporation,Electronic Case Reporting
110089,0015CRC7WS3FUQ5,Veradigm,AllScripts FollowMyHealth®
110091,0015CV1VQ2AEW6U,Epic Systems Corporation,Beaker Reportable Labs Reporting
110092,0015CFG3Q10HY2V,"Inpriva, Inc.",hDirect Network Services
110095,0015C5LFV335W0K,Cerner Corporation,Electronic Case Reporting
110100,0015CFG3Q10HY2V,"Inpriva, Inc.",hDirect Network Services
110101,0015C5LFV335W0K,Cerner Corporation,Electronic Case Reporting
110104,0015C80E18RAW4X,Cerner Corporation,Electronic Case Reporting
110105,0015CUQ0KRJ08PL,DrFirst,Rcopia
110107,0015C4QQK4XXK7K,Epic Systems Corporation,Beaker Reportable Labs Reporting
110109,0015CFG3Q10HY2V,"Inpriva, Inc.",hDirect Network Services
110111,0015CV1VQ2AEW6U,Epic Systems Corporation,Beaker Reportable Labs Reporting
110113,0015CFG3Q10HY2V,"Inpriva, Inc.",hDirect Network Services
110121,0015CX2MB6U7SR3,Cerner Corporation,Soarian Clinicals
110122,0015CD1TSY2250E,Epic Systems Corporation,Beacon Cancer Registry Reporting
110124,0015CGC8RF5FMW6,"Premier Healthcare Solutions, Inc.",eCQM Calculator
110125,0015C622YQ4JDC3,"Surescripts, LLC",Surescripts Clinical Direct Messaging
110128,0015CS48Q53VKT0,"Surescripts, LLC",Surescripts Clinical Direct Messaging
110129,0015CJD3G2F3YGA,Cerner Corporation,Electronic Case Reporting
110132,0015CR518NBN487,"Medical Information Technology, Inc. (MEDITECH)",MEDITECH Public Health Interface Electronic Case Reporting
110142,0015CFG3Q10HY2V,"Inpriva, Inc.",hDirect Network Services
110143,0015CFN4FLD1GXG,Epic Systems Corporation,EpicCare Inpatient Base
110146,0015CLP8FB7RRE6,Cerner Corporation,Antimicrobial Usage and Resistance Reporting
110150,0015C4QQK4XXK7K,Epic Systems Corporation,Beaker Reportable Labs Reporting
110153,nan,nan,
110161,0015C5LFV335W0K,Cerner Corporation,Electronic Case Reporting
110164,0015CV1VQ2AEW6U,Epic Systems Corporation,Beaker Reportable Labs Reporting
110165,0015C4H2WUK0S3A,Epic Systems Corporation,Beacon Cancer Registry Reporting
110168,0015C8XCN16R6V5,Epic Systems Corporation,Beacon Cancer Registry Reporting
110177,0015C622YQ4JDC3,"Surescripts, LLC",Surescripts Clinical Direct Messaging
110184,0015CFN4FLD1GXG,Epic Systems Corporation,EpicCare Inpatient Base
110190,nan,nan,
110191,0015CV1VQ2AEW6U,Epic Systems Corporation,Beaker Reportable Labs Reporting
110192,0015CV1VQ2AEW6U,Epic Systems Corporation,Beaker Reportable Labs Reporting
110194,nan,nan,
110198,0015CFN4FLD1GXG,Epic Systems Corporation,EpicCare Inpatient Base
110200,0015CV1VQ2AEW6U,Epic Systems Corporation,Beaker Reportable Labs Reporting
110201,0015CV1VQ2AEW6U,Epic Systems Corporation,Beaker Reportable Labs Reporting
110209,nan,nan,
110215,0015CV1VQ2AEW6U,Epic Systems Corporation,Beaker Reportable Labs Reporting
110225,0015CV1VQ2AEW6U,Epic Systems Corporation,Beaker Reportable Labs Reporting
110226,0015CFP858UQL09,Epic Systems Corporation,Beaker Reportable Labs Reporting
110229,0015CV1VQ2AEW6U,Epic Systems Corporation,Beaker Reportable Labs Reporting
110230,0015CFP858UQL09,Epic Systems Corporation,Beaker Reportable Labs Reporting
110233,nan,nan,
110234,0015CD1TSY2250E,Epic Systems Corporation,Beacon Cancer Registry Reporting
110236,0015CWD2653NY5L,Epic Systems Corporation,Beacon Cancer Registry Reporting
110237,0015CWV39V23WRL,Epic Systems Corporation,Beacon Cancer Registry Reporting
110252,0015C5LFV335W0K,Cerner Corporation,Electronic Case Reporting
111302,0015CFG3Q10HY2V,"Inpriva, Inc.",hDirect Network Services
111303,0015CDA13YNK8F1,Cerner Corporation,Electronic Case Reporting
111304,0015C3K3YJ2CSK4,Cerner Corporation,Electronic Case Reporting
111305,0015C80E18RAW4X,Cerner Corporation,Electronic Case Reporting
111306,0015C80E18RAW4X,Cerner Corporation,Electronic Case Reporting
111308,0015CD30BJE5K3L,Secure Exchange Solutions,SES Direct
111310,0015C4QQK4XXK7K,Epic Systems Corporation,Beaker Reportable Labs Reporting
111311,0015CFG3Q10HY2V,"Inpriva, Inc.",hDirect Network Services
111312,0015CK3MKQ1BP7X,"Premier Healthcare Solutions, Inc.",eCQM Calculator
111313,0015CFG3Q10HY2V,"Inpriva, Inc.",hDirect Network Services
111314,nan,nan,
111316,nan,nan,
111318,0015CFG3Q10HY2V,"Inpriva, Inc.",hDirect Network Services
111319,0015CFN4FLD1GXG,Epic Systems Corporation,EpicCare Inpatient Base
111320,nan,nan,
111323,0015CK3MKQ1BP7X,"Premier Healthcare Solutions, Inc.",eCQM Calculator
111324,0015C4DPR23A8VK,Cerner Corporation,Antimicrobial Usage and Resistance Reporting
111325,0015C496VY4N91Y,Cerner Corporation,Antimicrobial Usage and Resistance Reporting
111326,0015CD1TSY2250E,Epic Systems Corporation,Beacon Cancer Registry Reporting
111327,0015CUP1MAR3PAU,"Medical Information Technology, Inc. (MEDITECH)",MEDITECH Public Health Interface Electronic Case Reporting
111328,0015C9YFE1KJ3B0,"Medisolv, Inc.",ENCOR-e
111329,0015C8XCN16R6V5,Epic Systems Corporation,Beacon Cancer Registry Reporting
111330,0015C2TVH3MUG79,Epic Systems Corporation,Beacon Cancer Registry Reporting
111331,0015CX2MB6U7SR3,Cerner Corporation,Soarian Clinicals
111332,0015CX2MB6U7SR3,Cerner Corporation,Soarian Clinicals
111333,0015C80E18RAW4X,Cerner Corporation,Electronic Case Reporting
111334,0015CFG3Q10HY2V,"Inpriva, Inc.",hDirect Network Services
111335,0015CFG3Q10HY2V,"Inpriva, Inc.",hDirect Network Services
111336,0015CFG3Q10HY2V,"Inpriva, Inc.",hDirect Network Services
111337,0015CFG3Q10HY2V,"Inpriva, Inc.",hDirect Network Services
11300,nan,nan,
11302,nan,nan,
11304,0015CVZ8NZE0N5M,Epic Systems Corporation,Beaker Reportable Labs Reporting
11305,0015C5LFV335W0K,Cerner Corporation,Electronic Case Reporting
11306,nan,nan,
11307,nan,nan,
113300,nan,nan,
113301,nan,nan,
120001,0015C4813GJT60L,Epic Systems Corporation,EpicCare Ambulatory Base
120002,0015C8243MFV3V7,Epic Systems Corporation,Electronic Case Reporting
120005,0015CW5J8KYJ5C0,"Medical Information Technology, Inc. (MEDITECH)",MEDITECH Expanse 2.1 Ambulatory
120006,0015C157LEG45RH,Cerner Corporation,Electronic Case Reporting
120007,0015CFU0UA8JPX1,Cerner Corporation,Electronic Case Reporting
120011,0015CBA2R7RYM5R,Cerner Corporation,Electronic Lab Results
120014,0015CWE3EA5Y1V1,Epic Systems Corporation,Beacon Cancer Registry Reporting
120019,nan,nan,
120022,0015CWE3EA5Y1V1,Epic Systems Corporation,Beacon Cancer Registry Reporting
120026,0015CWE3EA5Y1V1,Epic Systems Corporation,Beacon Cancer Registry Reporting
120028,0015C4813GJT60L,Epic Systems Corporation,EpicCare Ambulatory Base
121300,0015CJB6904ND8B,Cerner Corporation,Electronic Case Reporting
121301,0015CW5J8KYJ5C0,"Medical Information Technology, Inc. (MEDITECH)",MEDITECH Expanse 2.1 Ambulatory
121302,nan,nan,
121303,0015C4813GJT60L,Epic Systems Corporation,EpicCare Ambulatory Base
121304,0015C08M0J5JCY8,Cerner Corporation,Electronic Case Reporting
121305,nan,nan,
121306,0015CJB6904ND8B,Cerner Corporation,Electronic Case Reporting
121307,0015CW5J8KYJ5C0,"Medical Information Technology, Inc. (MEDITECH)",MEDITECH Expanse 2.1 Ambulatory
121308,nan,nan,
123300,nan,nan,
123301,nan,nan,
130002,0015C3W2NT7266K,Epic Systems Corporation,Beacon Cancer Registry Reporting
130003,0015CNV6H8HD3U8,"Park Avenue Capital, LLC dba MaxMD",MaxMD Direct mdEmail®
130006,0015C3W2NT7266K,Epic Systems Corporation,Beacon Cancer Registry Reporting
130007,0015C8XCN16R6V5,Epic Systems Corporation,Beacon Cancer Registry Reporting
130013,0015C8XCN16R6V5,Epic Systems Corporation,Beacon Cancer Registry Reporting
130014,0015C622YQ4JDC3,"Surescripts, LLC",Surescripts Clinical Direct Messaging
130018,0015C622YQ4JDC3,"Surescripts, LLC",Surescripts Clinical Direct Messaging
130025,0015C4DPR23A8VK,Cerner Corporation,Antimicrobial Usage and Resistance Reporting
130028,0015C4J0ZKW5KKJ,Epic Systems Corporation,EpicCare Inpatient Base
130049,0015C7J3NZX7XGG,Epic Systems Corporation,EpicCare Ambulatory Base
130063,nan,nan,
130065,0015C5KP1X6531W,Cerner Corporation,HealtheAnalytics: Promoting Interoperability
130066,0015C40C0YCP4T4,MedAllies,MedAllies Direct Solutions™
130071,0015C3W2NT7266K,Epic Systems Corporation,Beacon Cancer Registry Reporting
130073,nan,nan,
130074,0015C5KP1X6531W,Cerner Corporation,HealtheAnalytics: Promoting Interoperability
131301,0015CJU6HNH7SZ0,DrFirst,Rcopia
131302,0015C3K3YJ2CSK4,Cerner Corporation,Electronic Case Reporting
131303,0015CFG3Q10HY2V,"Inpriva, Inc.",hDirect Network Services
131304,0015CFG3Q10HY2V,"Inpriva, Inc.",hDirect Network Services
131305,nan,nan,
131307,0015CFG3Q10HY2V,"Inpriva, Inc.",hDirect Network Services
131308,0015CT0PPT32RH0,Persivia,Persivia Platform
131309,nan,nan,
131310,0015C3W2NT7266K,Epic Systems Corporation,Beacon Cancer Registry Reporting
131311,0015C3W2NT7266K,Epic Systems Corporation,Beacon Cancer Registry Reporting
131312,0015C3W2NT7266K,Epic Systems Corporation,Beacon Cancer Registry Reporting
131313,0015CT0PPT32RH0,Persivia,Persivia Platform
131314,nan,nan,
131315,0015C3K3YJ2CSK4,Cerner Corporation,Electronic Case Reporting
131316,0015CFG3Q10HY2V,"Inpriva, Inc.",hDirect Network Services
131317,nan,nan,
131318,0015CG9EYN4SXX0,Cerner Corporation,Electronic Case Reporting
131319,nan,nan,
131320,nan,nan,
131321,nan,nan,
131322,0015CT0PPT32RH0,Persivia,Persivia Platform
131323,0015C3W2NT7266K,Epic Systems Corporation,Beacon Cancer Registry Reporting
131324,0015CQK52LC975C,"athenahealth, Inc.",athenaClinicals
131325,nan,nan,
131326,0015C2UKB5PSX9J,Cerner Corporation,HealtheAnalytics: Promoting Interoperability
131327,0015CG91R3XQ5T3,"Premier Healthcare Solutions, Inc.",eCQM Calculator
131328,0015CJU6HNH7SZ0,DrFirst,Rcopia
13300,nan,nan,
13301,nan,nan,
140001,0015CVB7ZPA5WXX,Secure Exchange Solutions,SES Direct
140002,0015CSR29YY8MT4,Epic Systems Corporation,Beacon Cancer Registry Reporting
140007,0015C9AJN70CCV5,"Surescripts, LLC",Surescripts Clinical Direct Messaging
140008,0015CZA15ZHE6JJ,Epic Systems Corporation,Beacon Cancer Registry Reporting
140010,0015CTG5AGX4QGH,Epic Systems Corporation,Beacon Cancer Registry Reporting
140011,0015C6CMZ6GZP4N,Epic Systems Corporation,Beacon Cancer Registry Reporting
140012,0015C653E6J0GQN,Cerner Corporation,Electronic Case Reporting
140013,0015CZ59RNP70MV,Epic Systems Corporation,Beacon Cancer Registry Reporting
140015,0015CW4VMW3NMY3,Altera Digital Health Inc.,Sunrise Acute Care
140018,0015CYU3MJ6VH48,"Surescripts, LLC",Surescripts Clinical Direct Messaging
140029,0015CEN83C8N3JM,Epic Systems Corporation,EpicCare Inpatient Base
140030,0015C4H2WUK0S3A,Epic Systems Corporation,Beacon Cancer Registry Reporting
140032,0015CR6SSM3WFY2,Epic Systems Corporation,Beacon Cancer Registry Reporting
140034,0015CVV5PFX9JXM,Epic Systems Corporation,Beaker Reportable Labs Reporting
140043,nan,nan,
140046,0015CVV5PFX9JXM,Epic Systems Corporation,Beaker Reportable Labs Reporting
140048,0015C4H2WUK0S3A,Epic Systems Corporation,Beacon Cancer Registry Reporting
140049,0015C5LFV335W0K,Cerner Corporation,Electronic Case Reporting
140052,0015CHL24QZ8GAF,Epic Systems Corporation,Beacon Cancer Registry Reporting
140053,0015CR6SSM3WFY2,Epic Systems Corporation,Beacon Cancer Registry Reporting
140054,0015CZA15ZHE6JJ,Epic Systems Corporation,Beacon Cancer Registry Reporting
140059,0015CFG3Q10HY2V,"Inpriva, Inc.",hDirect Network Services
140062,0015CWW3R9FPD02,Epic Systems Corporation,Beacon Cancer Registry Reporting
140063,0015CEN83C8N3JM,Epic Systems Corporation,EpicCare Inpatient Base
140064,0015CHL24QZ8GAF,Epic Systems Corporation,Beacon Cancer Registry Reporting
140065,0015C6KNL4KA1RT,Cerner Corporation,Electronic Case Reporting
140067,0015CHL24QZ8GAF,Epic Systems Corporation,Beacon Cancer Registry Reporting
140068,0015C7Y6218Z80J,MedAllies,MedAllies Direct Solutions™
140077,nan,nan,
140080,0015CWW3R9FPD02,Epic Systems Corporation,Beacon Cancer Registry Reporting
140082,0015C5LFV335W0K,Cerner Corporation,Electronic Case Reporting
140083,0015CYE7SGR2H8L,MedAllies,MedAllies Direct Solutions™
140084,0015CFQ73M03CVV,Cerner Corporation,Electronic Case Reporting
140088,0015C97XDZ8XB5U,Epic Systems Corporation,Beaker Reportable Labs Reporting
140089,0015CN9A2LCQ8V2,Cerner Corporation,Electronic Case Reporting
140091,0015CDT3FT5GEH8,Epic Systems Corporation,Beacon Cancer Registry Reporting
140093,0015CHL24QZ8GAF,Epic Systems Corporation,Beacon Cancer Registry Reporting
140095,nan,nan,
140100,nan,nan,
140101,0015CQ9E8MT8J33,Secure Exchange Solutions,SES Direct
140103,0015C8BRA5MKS35,DrFirst,Rcopia
140110,0015CHL24QZ8GAF,Epic Systems Corporation,Beacon Cancer Registry Reporting
140113,0015CHL24QZ8GAF,Epic Systems Corporation,Beacon Cancer Registry Reporting
140114,0015CTG5AGX4QGH,Epic Systems Corporation,Beacon Cancer Registry Reporting
140115,0015CUF1KJG0CWV,MedAllies,MedAllies Direct Solutions™
140116,0015CWW3R9FPD02,Epic Systems Corporation,Beacon Cancer Registry Reporting
140117,0015CWW3R9FPD02,Epic Systems Corporation,Beacon Cancer Registry Reporting
140119,0015CEN83C8N3JM,Epic Systems Corporation,EpicCare Inpatient Base
140120,0015CZ59RNP70MV,Epic Systems Corporation,Beacon Cancer Registry Reporting
140122,0015C6KNL4KA1RT,Cerner Corporation,Electronic Case Reporting
140124,0015C6ACW1ZNX8F,Cerner Corporation,Electronic Case Reporting
140125,0015C8CHE73ABS5,Secure Exchange Solutions,SES Direct
140127,0015CDT3FT5GEH8,Epic Systems Corporation,Beacon Cancer Registry Reporting
140130,0015CWW3R9FPD02,Epic Systems Corporation,Beacon Cancer Registry Reporting
140133,0015CGF55CJ3CLM,"Surescripts, LLC",Surescripts Clinical Direct Messaging
140135,0015CUW9JS131YW,Cerner Corporation,Electronic Case Reporting
140137,0015CR6SSM3WFY2,Epic Systems Corporation,Beacon Cancer Registry Reporting
140145,0015CR6SSM3WFY2,Epic Systems Corporation,Beacon Cancer Registry Reporting
140148,0015CUW9JS131YW,Cerner Corporation,Electronic Case Reporting
140150,0015CW3NXQ9AG42,Epic Systems Corporation,Beaker Reportable Labs Reporting
140155,0015C9AJN70CCV5,"Surescripts, LLC",Surescripts Clinical Direct Messaging
140158,nan,nan,
140160,0015CZY74JP3B2R,"Park Avenue Capital, LLC dba MaxMD",MaxMD Direct mdEmail®
140161,0015CHL24QZ8GAF,Epic Systems Corporation,Beacon Cancer Registry Reporting
140162,0015CHL24QZ8GAF,Epic Systems Corporation,Beacon Cancer Registry Reporting
140164,0015C6CMZ6GZP4N,Epic Systems Corporation,Beacon Cancer Registry Reporting
140166,0015CR6SSM3WFY2,Epic Systems Corporation,Beacon Cancer Registry Reporting
140172,0015CZ2M9JVP8MZ,Epic Systems Corporation,Beacon Cancer Registry Reporting
140174,0015C9AJN70CCV5,"Surescripts, LLC",Surescripts Clinical Direct Messaging
140177,nan,nan,
140179,0015CHL24QZ8GAF,Epic Systems Corporation,Beacon Cancer Registry Reporting
140180,0015CWW3R9FPD02,Epic Systems Corporation,Beacon Cancer Registry Reporting
140181,0015CJN3GDZ9GJE,Secure Exchange Solutions,SES Direct
140182,0015C4H2WUK0S3A,Epic Systems Corporation,Beacon Cancer Registry Reporting
140184,0015C8CHE73ABS5,Secure Exchange Solutions,SES Direct
140185,0015CSR29YY8MT4,Epic Systems Corporation,Beacon Cancer Registry Reporting
140186,0015CWW3R9FPD02,Epic Systems Corporation,Beacon Cancer Registry Reporting
140187,0015CR6SSM3WFY2,Epic Systems Corporation,Beacon Cancer Registry Reporting
140189,0015CQC4AND9RQT,Cerner Corporation,Antimicrobial Usage and Resistance Reporting
140191,0015C97XDZ8XB5U,Epic Systems Corporation,Beaker Reportable Labs Reporting
140197,0015C2VTR98YY71,DrFirst,Rcopia
140200,0015CRT7Y4XJX42,Epic Systems Corporation,Beacon Cancer Registry Reporting
140202,0015C4H2WUK0S3A,Epic Systems Corporation,Beacon Cancer Registry Reporting
140206,0015C4905HE7W52,Secure Exchange Solutions,SES Direct
140208,0015C4H2WUK0S3A,Epic Systems Corporation,Beacon Cancer Registry Reporting
140209,0015CZ59RNP70MV,Epic Systems Corporation,Beacon Cancer Registry Reporting
140210,0015C6CMZ6GZP4N,Epic Systems Corporation,Beacon Cancer Registry Reporting
140211,0015CWW3R9FPD02,Epic Systems Corporation,Beacon Cancer Registry Reporting
140213,0015CKE3JW3WZJ3,Becton Dickinson and Company,HealthSight Advisors
140217,0015C9AJN70CCV5,"Surescripts, LLC",Surescripts Clinical Direct Messaging
140223,0015C4H2WUK0S3A,Epic Systems Corporation,Beacon Cancer Registry Reporting
140224,0015CWW3R9FPD02,Epic Systems Corporation,Beacon Cancer Registry Reporting
140228,0015CWW3R9FPD02,Epic Systems Corporation,Beacon Cancer Registry Reporting
140231,0015CRT7Y4XJX42,Epic Systems Corporation,Beacon Cancer Registry Reporting
140233,0015CHL24QZ8GAF,Epic Systems Corporation,Beacon Cancer Registry Reporting
140239,0015CMF2FYX4J3H,Epic Systems Corporation,Beacon Cancer Registry Reporting
140242,0015CWW3R9FPD02,Epic Systems Corporation,Beacon Cancer Registry Reporting
140251,nan,nan,
140252,0015CHL24QZ8GAF,Epic Systems Corporation,Beacon Cancer Registry Reporting
140258,0015C6KNL4KA1RT,Cerner Corporation,Electronic Case Reporting
140275,0015CFR5DB8JFH2,Cerner Corporation,Electronic Case Reporting
140276,0015CZA15ZHE6JJ,Epic Systems Corporation,Beacon Cancer Registry Reporting
140280,0015CWW3R9FPD02,Epic Systems Corporation,Beacon Cancer Registry Reporting
140281,0015CWW3R9FPD02,Epic Systems Corporation,Beacon Cancer Registry Reporting
140286,0015CWW3R9FPD02,Epic Systems Corporation,Beacon Cancer Registry Reporting
140288,0015C4H2WUK0S3A,Epic Systems Corporation,Beacon Cancer Registry Reporting
140289,0015CKE1BFB9T2P,"Medical Information Technology, Inc. (MEDITECH)",MEDITECH Expanse 2.1 Ambulatory
140290,0015C6KNL4KA1RT,Cerner Corporation,Electronic Case Reporting
140291,0015C4H2WUK0S3A,Epic Systems Corporation,Beacon Cancer Registry Reporting
140292,0015C6KNL4KA1RT,Cerner Corporation,Electronic Case Reporting
140294,0015C8CHE73ABS5,Secure Exchange Solutions,SES Direct
140300,0015C6ACW1ZNX8F,Cerner Corporation,Electronic Case Reporting
140304,0015C6KNL4KA1RT,Cerner Corporation,Electronic Case Reporting
140308,nan,nan,
140310,nan,nan,
141300,0015CFG3Q10HY2V,"Inpriva, Inc.",hDirect Network Services
141301,nan,nan,
141302,0015CDA13YNK8F1,Cerner Corporation,Electronic Case Reporting
141303,0015CZX0735NK9K,"InterOperability Bidco, Inc., d.b.a. Rhapsody",Corepoint Integration Engine
141304,0015CFR5DB8JFH2,Cerner Corporation,Electronic Case Reporting
141305,0015CWW3R9FPD02,Epic Systems Corporation,Beacon Cancer Registry Reporting
141306,0015CKE1BFB9T2P,"Medical Information Technology, Inc. (MEDITECH)",MEDITECH Expanse 2.1 Ambulatory
141307,0015C8E12SHK8B8,EMR Direct,Interoperability Engine
141308,0015CAT64R4633W,Epic Systems Corporation,Beaker Reportable Labs Reporting
141309,0015CDT3FT5GEH8,Epic Systems Corporation,Beacon Cancer Registry Reporting
141310,0015CHL24QZ8GAF,Epic Systems Corporation,Beacon Cancer Registry Reporting
141311,0015CD30BJE5K3L,Secure Exchange Solutions,SES Direct
141312,0015CNP00BSM8JJ,Epic Systems Corporation,Beaker Reportable Labs Reporting
141313,0015C7ZEJ6BU1C3,"Inpriva, Inc.",hDirect Network Services
141315,0015CW4VMW3NMY3,Altera Digital Health Inc.,Sunrise Acute Care
141316,0015CDT3FT5GEH8,Epic Systems Corporation,Beacon Cancer Registry Reporting
141317,0015CFG3Q10HY2V,"Inpriva, Inc.",hDirect Network Services
141318,0015CHL24QZ8GAF,Epic Systems Corporation,Beacon Cancer Registry Reporting
141319,0015CDR9VB4KSE5,Secure Exchange Solutions,SES Direct
141320,0015CT0PPT32RH0,Persivia,Persivia Platform
141321,nan,nan,
141322,0015CFG3Q10HY2V,"Inpriva, Inc.",hDirect Network Services
141323,0015C6KS0890YHY,MedAllies,MedAllies Direct Solutions™
141324,0015CDN5L8FET1F,Epic Systems Corporation,EpicCare Inpatient Base
141325,0015CHL24QZ8GAF,Epic Systems Corporation,Beacon Cancer Registry Reporting
141326,0015CAT64R4633W,Epic Systems Corporation,Beaker Reportable Labs Reporting
141327,nan,nan,
141328,0015CDU43U1CS4M,DrFirst,Rcopia
141329,nan,nan,
141330,nan,nan,
141331,0015CC6EE361UK8,MedAllies,MedAllies Direct Solutions™
141332,0015CP587BP0W9H,"Inpriva, Inc.",hDirect Network Services
141333,nan,nan,
141334,0015C6CMZ6GZP4N,Epic Systems Corporation,Beacon Cancer Registry Reporting
141335,0015CMF2FYX4J3H,Epic Systems Corporation,Beacon Cancer Registry Reporting
141336,0015CR6SSM3WFY2,Epic Systems Corporation,Beacon Cancer Registry Reporting
141337,0015CHL24QZ8GAF,Epic Systems Corporation,Beacon Cancer Registry Reporting
141338,0015C80E18RAW4X,Cerner Corporation,Electronic Case Reporting
141339,0015CFG3Q10HY2V,"Inpriva, Inc.",hDirect Network Services
141340,0015CWW3R9FPD02,Epic Systems Corporation,Beacon Cancer Registry Reporting
141341,0015C4DPR23A8VK,Cerner Corporation,Antimicrobial Usage and Resistance Reporting
141342,0015C8CHE73ABS5,Secure Exchange Solutions,SES Direct
141343,0015C80E18RAW4X,Cerner Corporation,Electronic Case Reporting
141344,0015CFG3Q10HY2V,"Inpriva, Inc.",hDirect Network Services
141345,0015CT0PPT32RH0,Persivia,Persivia Platform
141346,0015CW40F8CZL04,DrFirst,Rcopia
141347,0015C7ZEJ6BU1C3,"Inpriva, Inc.",hDirect Network Services
141348,0015C8CHE73ABS5,Secure Exchange Solutions,SES Direct
141349,0015CFG3Q10HY2V,"Inpriva, Inc.",hDirect Network Services
141350,0015CR6SSM3WFY2,Epic Systems Corporation,Beacon Cancer Registry Reporting
141351,0015CAT64R4633W,Epic Systems Corporation,Beaker Reportable Labs Reporting
141352,0015CUW9JS131YW,Cerner Corporation,Electronic Case Reporting
141353,0015CT0PPT32RH0,Persivia,Persivia Platform
141354,nan,nan,
141355,nan,nan,
143300,nan,nan,
143301,nan,nan,
143302,nan,nan,
150001,0015C80E18RAW4X,Cerner Corporation,Electronic Case Reporting
150002,0015C4J0ZKW5KKJ,Epic Systems Corporation,EpicCare Inpatient Base
150005,0015CW3NXQ9AG42,Epic Systems Corporation,Beaker Reportable Labs Reporting
150006,0015CPE9ARQ008M,Imprivata,Imprivata FairWarning
150007,0015C7EZC6GDD8N,Epic Systems Corporation,Beacon Cancer Registry Reporting
150008,0015CWW3R9FPD02,Epic Systems Corporation,Beacon Cancer Registry Reporting
150009,0015CW4VMW3NMY3,Altera Digital Health Inc.,Sunrise Acute Care
150010,nan,nan,
150011,0015CTX0LKP2S19,"DataMotion, Inc.",DataMotion Direct
150012,0015C8XCN16R6V5,Epic Systems Corporation,Beacon Cancer Registry Reporting
150015,0015CZ2M9JVP8MZ,Epic Systems Corporation,Beacon Cancer Registry Reporting
150017,0015CPE9ARQ008M,Imprivata,Imprivata FairWarning
150018,0015C00QLH7CJ3B,Imprivata,Imprivata FairWarning
150021,0015CHJ1TV4P98F,Epic Systems Corporation,Beacon Cancer Registry Reporting
150022,0015CZ2M9JVP8MZ,Epic Systems Corporation,Beacon Cancer Registry Reporting
150023,0015C5LFV335W0K,Cerner Corporation,Electronic Case Reporting
150024,0015CN5M32145BW,Epic Systems Corporation,Electronic Case Reporting
150026,0015CV8NUW4XBM6,"DataMotion, Inc.",DataMotion Direct
150030,0015C4DPR23A8VK,Cerner Corporation,Antimicrobial Usage and Resistance Reporting
150034,0015CWW3R9FPD02,Epic Systems Corporation,Beacon Cancer Registry Reporting
150035,0015CPE9ARQ008M,Imprivata,Imprivata FairWarning
150037,0015CA60F8T919P,"InterOperability Bidco, Inc., d.b.a. Rhapsody",Corepoint Integration Engine
150042,0015C9B816ZJB4U,Epic Systems Corporation,EpicCare Ambulatory Base
150044,0015C124KR0SNP1,Epic Systems Corporation,Beaker Reportable Labs Reporting
150045,0015CTN5HP9EWS1,Epic Systems Corporation,Electronic Case Reporting
150046,0015C622YQ4JDC3,"Surescripts, LLC",Surescripts Clinical Direct Messaging
150047,0015CPE9ARQ008M,Imprivata,Imprivata FairWarning
150048,0015CRT7Y4XJX42,Epic Systems Corporation,Beacon Cancer Registry Reporting
150051,0015CAG8ZJ9B4JV,Cerner Corporation,Electronic Case Reporting
150056,0015CAG8ZJ9B4JV,Cerner Corporation,Electronic Case Reporting
150057,0015CZ2M9JVP8MZ,Epic Systems Corporation,Beacon Cancer Registry Reporting
150058,0015C00QLH7CJ3B,Imprivata,Imprivata FairWarning
150059,0015C8XCN16R6V5,Epic Systems Corporation,Beacon Cancer Registry Reporting
150061,0015CQZ3GL3N8TR,"Premier Healthcare Solutions, Inc.",eCQM Calculator
150065,0015CRH8AV53DLR,Secure Exchange Solutions,SES Direct
150069,0015C99YPV6XD9P,Secure Exchange Solutions,SES Direct
150072,0015C80E18RAW4X,Cerner Corporation,Electronic Case Reporting
150074,0015C7EZC6GDD8N,Epic Systems Corporation,Beacon Cancer Registry Reporting
150075,0015CPE9ARQ008M,Imprivata,Imprivata FairWarning
150076,0015C8XCN16R6V5,Epic Systems Corporation,Beacon Cancer Registry Reporting
150082,0015C9XTF3Q6PKS,Epic Systems Corporation,EpicCare Ambulatory Base
150084,nan,nan,
150086,0015CW3NXQ9AG42,Epic Systems Corporation,Beaker Reportable Labs Reporting
150088,nan,nan,
150089,0015CAG8ZJ9B4JV,Cerner Corporation,Electronic Case Reporting
150090,0015CZ2M9JVP8MZ,Epic Systems Corporation,Beacon Cancer Registry Reporting
150091,0015CTN5HP9EWS1,Epic Systems Corporation,Electronic Case Reporting
150097,0015CET7A1EMV0N,"DataMotion, Inc.",DataMotion Direct
150100,nan,nan,
150101,0015CTN5HP9EWS1,Epic Systems Corporation,Electronic Case Reporting
150102,0015CPE9ARQ008M,Imprivata,Imprivata FairWarning
150104,0015CN6YYS338U1,"DataMotion, Inc.",DataMotion Direct
150109,0015CZ2M9JVP8MZ,Epic Systems Corporation,Beacon Cancer Registry Reporting
150112,0015CUE5T17SNJ9,Epic Systems Corporation,Beacon Cancer Registry Reporting
150113,0015C7EZC6GDD8N,Epic Systems Corporation,Beacon Cancer Registry Reporting
150115,0015C257B7545Y1,Epic Systems Corporation,Beacon Cancer Registry Reporting
150125,0015CWW3R9FPD02,Epic Systems Corporation,Beacon Cancer Registry Reporting
150126,0015CZ2M9JVP8MZ,Epic Systems Corporation,Beacon Cancer Registry Reporting
150128,0015C7EZC6GDD8N,Epic Systems Corporation,Beacon Cancer Registry Reporting
150133,0015CPE9ARQ008M,Imprivata,Imprivata FairWarning
150146,0015CTN5HP9EWS1,Epic Systems Corporation,Electronic Case Reporting
150149,0015C9XTF3Q6PKS,Epic Systems Corporation,EpicCare Ambulatory Base
150150,0015CPE9ARQ008M,Imprivata,Imprivata FairWarning
150153,nan,nan,
150157,nan,nan,
150158,0015CAG8ZJ9B4JV,Cerner Corporation,Electronic Case Reporting
150160,0015CWN3H80VLX6,"DataMotion, Inc.",DataMotion Direct
150161,0015CAG8ZJ9B4JV,Cerner Corporation,Electronic Case Reporting
150162,0015CZ2M9JVP8MZ,Epic Systems Corporation,Beacon Cancer Registry Reporting
150165,0015CZ2M9JVP8MZ,Epic Systems Corporation,Beacon Cancer Registry Reporting
150166,nan,nan,
150167,0015CTN5HP9EWS1,Epic Systems Corporation,Electronic Case Reporting
150168,0015CPE9ARQ008M,Imprivata,Imprivata FairWarning
150169,0015C7EZC6GDD8N,Epic Systems Corporation,Beacon Cancer Registry Reporting
150172,0015C7FC7WDP9FV,"DataMotion, Inc.",DataMotion Direct
150173,0015CAG8ZJ9B4JV,Cerner Corporation,Electronic Case Reporting
150177,0015CK3MKQ1BP7X,"Premier Healthcare Solutions, Inc.",eCQM Calculator
150179,nan,nan,
150181,nan,nan,
150183,0015CJ0446KEG39,"Inpriva, Inc.",hDirect Network Services
150193,nan,nan,
150195,nan,nan,
151300,nan,nan,
151301,nan,nan,
151303,nan,nan,
151304,0015C8Q0XU61QD8,Cerner Corporation,Electronic Case Reporting
151305,0015CFG3Q10HY2V,"Inpriva, Inc.",hDirect Network Services
151306,0015CAG8ZJ9B4JV,Cerner Corporation,Electronic Case Reporting
151307,nan,nan,
151308,nan,nan,
151309,nan,nan,
151310,0015CHJ1TV4P98F,Epic Systems Corporation,Beacon Cancer Registry Reporting
151311,0015CAG8ZJ9B4JV,Cerner Corporation,Electronic Case Reporting
151312,0015CAG8ZJ9B4JV,Cerner Corporation,Electronic Case Reporting
151313,nan,nan,
151314,nan,nan,
151315,0015C829YHL2Y49,Epic Systems Corporation,Electronic Case Reporting
151316,0015CAG8ZJ9B4JV,Cerner Corporation,Electronic Case Reporting
151317,0015CFG3Q10HY2V,"Inpriva, Inc.",hDirect Network Services
151318,0015CPE9ARQ008M,Imprivata,Imprivata FairWarning
151319,0015C9XTF3Q6PKS,Epic Systems Corporation,EpicCare Ambulatory Base
151320,0015CAG8ZJ9B4JV,Cerner Corporation,Electronic Case Reporting
151322,0015C8CHE73ABS5,Secure Exchange Solutions,SES Direct
151323,0015CHJ1TV4P98F,Epic Systems Corporation,Beacon Cancer Registry Reporting
151324,0015CZ2M9JVP8MZ,Epic Systems Corporation,Beacon Cancer Registry Reporting
151325,nan,nan,
151326,0015C5LFV335W0K,Cerner Corporation,Electronic Case Reporting
151327,0015C742AN7Y34G,DrFirst,Rcopia
151328,0015CAG8ZJ9B4JV,Cerner Corporation,Electronic Case Reporting
151329,0015C9K57EDH1PC,Cerner Corporation,Antimicrobial Usage and Resistance Reporting
151330,0015CTN5HP9EWS1,Epic Systems Corporation,Electronic Case Reporting
151331,0015CAM1MLV2KZK,Cerner Corporation,Antimicrobial Usage and Resistance Reporting
151332,0015CGL1PGU30AP,"Park Avenue Capital, LLC dba MaxMD",MaxMD Direct mdEmail®
151333,0015CHF931WFD20,"Inpriva, Inc.",hDirect Network Services
151334,0015C0B8Z57B259,"Medisolv, Inc.",ENCOR-e
160001,0015CWW3R9FPD02,Epic Systems Corporation,Beacon Cancer Registry Reporting
160013,0015CWW3R9FPD02,Epic Systems Corporation,Beacon Cancer Registry Reporting
160016,0015CWW3R9FPD02,Epic Systems Corporation,Beacon Cancer Registry Reporting
160028,0015C3DSF0V5SL5,Cerner Corporation,HealthSentry
160029,nan,nan,
160030,0015CUE5T17SNJ9,Epic Systems Corporation,Beacon Cancer Registry Reporting
160032,0015C0E2M66BGP4,Orion Health,Communicate
160033,0015CFR5DB8JFH2,Cerner Corporation,Electronic Case Reporting
160040,0015CER8A8SVB46,Imprivata,Imprivata FairWarning
160045,0015CWW3R9FPD02,Epic Systems Corporation,Beacon Cancer Registry Reporting
160047,0015C5LFV335W0K,Cerner Corporation,Electronic Case Reporting
160057,0015CM1W4BLU9MH,Cerner Corporation,Electronic Case Reporting
160058,0015CHL24QZ8GAF,Epic Systems Corporation,Beacon Cancer Registry Reporting
160064,0015CER8A8SVB46,Imprivata,Imprivata FairWarning
160067,0015CER8A8SVB46,Imprivata,Imprivata FairWarning
160069,0015CER8A8SVB46,Imprivata,Imprivata FairWarning
160079,0015CJ82B4ADR4G,Epic Systems Corporation,Beacon Cancer Registry Reporting
160080,0015CER8A8SVB46,Imprivata,Imprivata FairWarning
160082,0015CWW3R9FPD02,Epic Systems Corporation,Beacon Cancer Registry Reporting
160083,0015CVN5R6EV70W,Cerner Corporation,Electronic Case Reporting
160089,0015CCR03DTY4XS,MedAllies,MedAllies Direct Solutions™
160101,0015C8WUD3TNR93,Orion Health,Communicate
160104,0015CWW3R9FPD02,Epic Systems Corporation,Beacon Cancer Registry Reporting
160110,0015CWW3R9FPD02,Epic Systems Corporation,Beacon Cancer Registry Reporting
160112,0015CJ1HAB8N8YU,"Medical Information Technology, Inc. (MEDITECH)",MEDITECH Patient and Consumer Health Portal
160117,0015CWW3R9FPD02,Epic Systems Corporation,Beacon Cancer Registry Reporting
160124,0015CJ1HAB8N8YU,"Medical Information Technology, Inc. (MEDITECH)",MEDITECH Patient and Consumer Health Portal
160146,0015CWW3R9FPD02,Epic Systems Corporation,Beacon Cancer Registry Reporting
160147,0015CWW3R9FPD02,Epic Systems Corporation,Beacon Cancer Registry Reporting
160153,0015CER8A8SVB46,Imprivata,Imprivata FairWarning
161300,0015CER8A8SVB46,Imprivata,Imprivata FairWarning
161301,0015CW3NXQ9AG42,Epic Systems Corporation,Beaker Reportable Labs Reporting
161302,0015CW3NXQ9AG42,Epic Systems Corporation,Beaker Reportable Labs Reporting
161303,0015CWW3R9FPD02,Epic Systems Corporation,Beacon Cancer Registry Reporting
161304,0015C3DSF0V5SL5,Cerner Corporation,HealthSentry
161305,0015CWW3R9FPD02,Epic Systems Corporation,Beacon Cancer Registry Reporting
161306,0015CWW3R9FPD02,Epic Systems Corporation,Beacon Cancer Registry Reporting
161307,0015CRP0UFS2TBD,Cerner Corporation,Electronic Lab Results
161308,0015CAL91DG94UT,Cerner Corporation,HealthSentry
161309,0015C3DSF0V5SL5,Cerner Corporation,HealthSentry
161310,0015C8F678VQR49,Cerner Corporation,Electronic Case Reporting
161311,0015CW40F8CZL04,DrFirst,Rcopia
161312,0015CWW3R9FPD02,Epic Systems Corporation,Beacon Cancer Registry Reporting
161313,0015CFR5DB8JFH2,Cerner Corporation,Electronic Case Reporting
161314,0015CWW3R9FPD02,Epic Systems Corporation,Beacon Cancer Registry Reporting
161315,0015CFG3Q10HY2V,"Inpriva, Inc.",hDirect Network Services
161316,0015CUU3SZK16E8,Epic Systems Corporation,EpicCare Ambulatory Base
161317,0015CWW3R9FPD02,Epic Systems Corporation,Beacon Cancer Registry Reporting
161318,0015CFG3Q10HY2V,"Inpriva, Inc.",hDirect Network Services
161319,0015C15G8VB5J0G,Cerner Corporation,Electronic Case Reporting
161320,0015CWW3R9FPD02,Epic Systems Corporation,Beacon Cancer Registry Reporting
161321,0015CJ1HAB8N8YU,"Medical Information Technology, Inc. (MEDITECH)",MEDITECH Patient and Consumer Health Portal
161322,0015CFG3Q10HY2V,"Inpriva, Inc.",hDirect Network Services
161323,0015CER8A8SVB46,Imprivata,Imprivata FairWarning
161324,0015CFG3Q10HY2V,"Inpriva, Inc.",hDirect Network Services
161325,0015CWW3R9FPD02,Epic Systems Corporation,Beacon Cancer Registry Reporting
161326,0015C80E18RAW4X,Cerner Corporation,Electronic Case Reporting
161327,0015C653E6J0GQN,Cerner Corporation,Electronic Case Reporting
161328,0015CJ1HAB8N8YU,"Medical Information Technology, Inc. (MEDITECH)",MEDITECH Patient and Consumer Health Portal
161329,0015CFR5DB8JFH2,Cerner Corporation,Electronic Case Reporting
161330,0015C7VKL01SBC8,Epic Systems Corporation,Beaker Reportable Labs Reporting
161331,0015CRP0UFS2TBD,Cerner Corporation,Electronic Lab Results
161332,0015CR1DX2N3YM7,"InterOperability Bidco, Inc., d.b.a. Rhapsody",Corepoint Integration Engine
161333,0015CWW3R9FPD02,Epic Systems Corporation,Beacon Cancer Registry Reporting
161334,0015CWW3R9FPD02,Epic Systems Corporation,Beacon Cancer Registry Reporting
161335,0015CWW3R9FPD02,Epic Systems Corporation,Beacon Cancer Registry Reporting
161336,0015CJ1HAB8N8YU,"Medical Information Technology, Inc. (MEDITECH)",MEDITECH Patient and Consumer Health Portal
161337,0015CFL1L1LRM1Q,Epic Systems Corporation,Beaker Reportable Labs Reporting
161338,0015CER8A8SVB46,Imprivata,Imprivata FairWarning
161339,0015CK3MKQ1BP7X,"Premier Healthcare Solutions, Inc.",eCQM Calculator
161340,0015CPA55XXH28S,Cerner Corporation,Electronic Case Reporting
161341,0015CWW3R9FPD02,Epic Systems Corporation,Beacon Cancer Registry Reporting
161342,0015C5ZM90UQM95,Cerner Corporation,Electronic Case Reporting
161343,0015CP3J87RNG83,Cerner Corporation,Electronic Case Reporting
161344,nan,nan,
161345,0015CJ1HAB8N8YU,"Medical Information Technology, Inc. (MEDITECH)",MEDITECH Patient and Consumer Health Portal
161346,0015CJ1HAB8N8YU,"Medical Information Technology, Inc. (MEDITECH)",MEDITECH Patient and Consumer Health Portal
161347,0015CBK2DUH0MBG,"InterOperability Bidco, Inc., d.b.a. Rhapsody",Rhapsody Integration Engine
161348,0015CWW3R9FPD02,Epic Systems Corporation,Beacon Cancer Registry Reporting
161349,0015CWW3R9FPD02,Epic Systems Corporation,Beacon Cancer Registry Reporting
161350,0015CWW3R9FPD02,Epic Systems Corporation,Beacon Cancer Registry Reporting
161351,0015CJ1HAB8N8YU,"Medical Information Technology, Inc. (MEDITECH)",MEDITECH Patient and Consumer Health Portal
161352,nan,nan,
161353,0015C5VEH06RM9R,Cerner Corporation,HealthSentry
161354,0015CUX0GCH5RTX,Cerner Corporation,Electronic Case Reporting
161355,0015C3K3YJ2CSK4,Cerner Corporation,Electronic Case Reporting
161356,0015CFG3Q10HY2V,"Inpriva, Inc.",hDirect Network Services
161357,0015C5VEH06RM9R,Cerner Corporation,HealthSentry
161358,0015CW40F8CZL04,DrFirst,Rcopia
161359,0015CFG3Q10HY2V,"Inpriva, Inc.",hDirect Network Services
161360,0015CHL24QZ8GAF,Epic Systems Corporation,Beacon Cancer Registry Reporting
161361,0015CAM1MLV2KZK,Cerner Corporation,Antimicrobial Usage and Resistance Reporting
161362,0015CWW3R9FPD02,Epic Systems Corporation,Beacon Cancer Registry Reporting
161363,0015C2TH0YGB70E,Cerner Corporation,Electronic Case Reporting
161364,0015CFL1L1LRM1Q,Epic Systems Corporation,Beaker Reportable Labs Reporting
161365,0015CWW3R9FPD02,Epic Systems Corporation,Beacon Cancer Registry Reporting
161366,0015CH0VBX7BHX0,Altera Digital Health Inc.,Sunrise Acute Care for Hospital-based Providers
161367,0015C3U0HXD0N61,Orion Health,Communicate
161368,0015CJ1HAB8N8YU,"Medical Information Technology, Inc. (MEDITECH)",MEDITECH Patient and Consumer Health Portal
161369,0015CP587BP0W9H,"Inpriva, Inc.",hDirect Network Services
161370,0015CWW3R9FPD02,Epic Systems Corporation,Beacon Cancer Registry Reporting
161371,0015CFL1L1LRM1Q,Epic Systems Corporation,Beaker Reportable Labs Reporting
161372,0015C40SC8TJS9J,MDinteractive,MDinteractive
161373,0015CLA52JC2R3K,Veradigm,Veradigm FollowMyHealth®
161374,0015CFL1L1LRM1Q,Epic Systems Corporation,Beaker Reportable Labs Reporting
161375,0015CWW3R9FPD02,Epic Systems Corporation,Beacon Cancer Registry Reporting
161376,0015CM0JL7L7GJ5,Epic Systems Corporation,Beaker Reportable Labs Reporting
161377,0015CVN5R6EV70W,Cerner Corporation,Electronic Case Reporting
161378,0015CER8A8SVB46,Imprivata,Imprivata FairWarning
161379,0015CWW3R9FPD02,Epic Systems Corporation,Beacon Cancer Registry Reporting
161380,0015CRP0UFS2TBD,Cerner Corporation,Electronic Lab Results
161381,0015CHL24QZ8GAF,Epic Systems Corporation,Beacon Cancer Registry Reporting
161382,nan,nan,
170006,0015C792QBB9F37,Secure Exchange Solutions,SES Direct
170009,0015C4H2WUK0S3A,Epic Systems Corporation,Beacon Cancer Registry Reporting
170012,0015CFK6U1HAM4K,Secure Exchange Solutions,SES Direct
170013,0015CD97UMS9BMX,Varian Medical Systems,ARIA Oncology Information System (for Medical Oncology)
170014,0015CEL8EWK7PAH,Cerner Corporation,Electronic Case Reporting
170016,0015C4J0ZKW5KKJ,Epic Systems Corporation,EpicCare Inpatient Base
170017,nan,nan,
170020,0015C1WUR663GH2,Cerner Corporation,Electronic Case Reporting
170023,0015CHL24QZ8GAF,Epic Systems Corporation,Beacon Cancer Registry Reporting
170027,0015CFG3Q10HY2V,"Inpriva, Inc.",hDirect Network Services
170040,0015CJ7D6589YLS,Epic Systems Corporation,Beacon Cancer Registry Reporting
170049,0015CUW9JS131YW,Cerner Corporation,Electronic Case Reporting
170068,0015CE4ZXJ0FKT5,Secure Exchange Solutions,SES Direct
170074,0015CYT94LS81XV,Epic Systems Corporation,Beacon Cancer Registry Reporting
170086,0015CYT94LS81XV,Epic Systems Corporation,Beacon Cancer Registry Reporting
170103,0015CNV0P23UAK0,Secure Exchange Solutions,SES Direct
170104,0015CEL8EWK7PAH,Cerner Corporation,Electronic Case Reporting
170105,0015CFG3Q10HY2V,"Inpriva, Inc.",hDirect Network Services
170109,0015CUW9JS131YW,Cerner Corporation,Electronic Case Reporting
170110,0015CHL24QZ8GAF,Epic Systems Corporation,Beacon Cancer Registry Reporting
170120,0015CFG3Q10HY2V,"Inpriva, Inc.",hDirect Network Services
170122,0015CD469UUX3Z7,Cerner Corporation,Electronic Case Reporting
170123,0015C622YQ4JDC3,"Surescripts, LLC",Surescripts Clinical Direct Messaging
170137,0015C4TYJ0K26EH,Cerner Corporation,Electronic Lab Results
170142,0015C3TSX16DNY7,Persivia,Persivia Platform
170146,0015C4H2WUK0S3A,Epic Systems Corporation,Beacon Cancer Registry Reporting
170175,0015CHL24QZ8GAF,Epic Systems Corporation,Beacon Cancer Registry Reporting
170176,0015C622YQ4JDC3,"Surescripts, LLC",Surescripts Clinical Direct Messaging
170182,0015C622YQ4JDC3,"Surescripts, LLC",Surescripts Clinical Direct Messaging
170183,0015CFG3Q10HY2V,"Inpriva, Inc.",hDirect Network Services
170185,0015C5KH60XEZ5W,Epic Systems Corporation,Beacon Cancer Registry Reporting
170186,0015CK3MKQ1BP7X,"Premier Healthcare Solutions, Inc.",eCQM Calculator
170187,0015CKQ3AUJ4ZVW,Cerner Corporation,Electronic Case Reporting
170188,0015CFG3Q10HY2V,"Inpriva, Inc.",hDirect Network Services
170190,0015C9VLC7R101S,MedAllies,MedAllies Direct Solutions™
170191,0015CJ7D6589YLS,Epic Systems Corporation,Beacon Cancer Registry Reporting
170194,0015CW40F8CZL04,DrFirst,Rcopia
170196,0015CW40F8CZL04,DrFirst,Rcopia
170197,0015C3K3YJ2CSK4,Cerner Corporation,Electronic Case Reporting
170198,0015CFG3Q10HY2V,"Inpriva, Inc.",hDirect Network Services
170199,nan,nan,
170200,0015CD469UUX3Z7,Cerner Corporation,Electronic Case Reporting
170203,0015C4J0ZKW5KKJ,Epic Systems Corporation,EpicCare Inpatient Base
170204,0015C8U49CT2BRT,Cerner Corporation,Electronic Case Reporting
171300,0015CLT8S0A3MT6,Cerner Corporation,Electronic Case Reporting
171301,0015CLT8S0A3MT6,Cerner Corporation,Electronic Case Reporting
171303,0015CLT8S0A3MT6,Cerner Corporation,Electronic Case Reporting
171304,0015C653E6J0GQN,Cerner Corporation,Electronic Case Reporting
171306,0015CLT8S0A3MT6,Cerner Corporation,Electronic Case Reporting
171307,nan,nan,
171308,0015C4J0ZKW5KKJ,Epic Systems Corporation,EpicCare Inpatient Base
171309,0015CLT8S0A3MT6,Cerner Corporation,Electronic Case Reporting
171310,0015CLT8S0A3MT6,Cerner Corporation,Electronic Case Reporting
171311,nan,nan,
171312,0015CFG3Q10HY2V,"Inpriva, Inc.",hDirect Network Services
171313,0015CLT8S0A3MT6,Cerner Corporation,Electronic Case Reporting
171314,nan,nan,
171315,0015C80E18RAW4X,Cerner Corporation,Electronic Case Reporting
171316,0015C5KH60XEZ5W,Epic Systems Corporation,Beacon Cancer Registry Reporting
171317,0015CFG3Q10HY2V,"Inpriva, Inc.",hDirect Network Services
171318,0015CWG0YQG9WFG,Azalea Health,Azalea EHR
171319,0015CT0PPT32RH0,Persivia,Persivia Platform
171321,nan,nan,
171322,nan,nan,
171323,0015CLT8S0A3MT6,Cerner Corporation,Electronic Case Reporting
171324,0015CLT8S0A3MT6,Cerner Corporation,Electronic Case Reporting
171325,0015CW5F87HC9M8,"athenahealth, Inc.",athenaClinicals
171326,nan,nan,
171327,0015CLT8S0A3MT6,Cerner Corporation,Electronic Case Reporting
171328,0015CLT8S0A3MT6,Cerner Corporation,Electronic Case Reporting
171329,nan,nan,
171330,0015C50DYG13GHS,"1Life Healthcare, Inc",Chirp
171331,0015CLT8S0A3MT6,Cerner Corporation,Electronic Case Reporting
171332,0015CLT8S0A3MT6,Cerner Corporation,Electronic Case Reporting
171333,0015C80E18RAW4X,Cerner Corporation,Electronic Case Reporting
171334,0015CLT8S0A3MT6,Cerner Corporation,Electronic Case Reporting
171335,nan,nan,
171336,0015CXZ21PBQ54A,Azalea Health,ChartAccess ®
171337,0015C3TSX16DNY7,Persivia,Persivia Platform
171338,0015CLT8S0A3MT6,Cerner Corporation,Electronic Case Reporting
171339,0015CT0PPT32RH0,Persivia,Persivia Platform
171341,0015C1FY2LTP2R5,Secure Exchange Solutions,SES Direct
171343,nan,nan,
171344,0015C653E6J0GQN,Cerner Corporation,Electronic Case Reporting
171345,0015CD97UMS9BMX,Varian Medical Systems,ARIA Oncology Information System (for Medical Oncology)
171346,0015C80E18RAW4X,Cerner Corporation,Electronic Case Reporting
171347,0015CFG3Q10HY2V,"Inpriva, Inc.",hDirect Network Services
171348,0015C80E18RAW4X,Cerner Corporation,Electronic Case Reporting
171349,0015CFK6U1HAM4K,Secure Exchange Solutions,SES Direct
171350,0015CFG3Q10HY2V,"Inpriva, Inc.",hDirect Network Services
171351,nan,nan,
171352,0015CFG3Q10HY2V,"Inpriva, Inc.",hDirect Network Services
171353,0015CLT8S0A3MT6,Cerner Corporation,Electronic Case Reporting
171354,0015CN9A2LCQ8V2,Cerner Corporation,Electronic Case Reporting
171355,0015CLT8S0A3MT6,Cerner Corporation,Electronic Case Reporting
171356,0015CFG3Q10HY2V,"Inpriva, Inc.",hDirect Network Services
171357,0015CFG3Q10HY2V,"Inpriva, Inc.",hDirect Network Services
171358,0015CFK6U1HAM4K,Secure Exchange Solutions,SES Direct
171359,nan,nan,
171360,nan,nan,
171361,0015CLT8S0A3MT6,Cerner Corporation,Electronic Case Reporting
171362,0015CFG3Q10HY2V,"Inpriva, Inc.",hDirect Network Services
171363,0015CFG3Q10HY2V,"Inpriva, Inc.",hDirect Network Services
171364,0015CLT8S0A3MT6,Cerner Corporation,Electronic Case Reporting
171365,0015CT0PPT32RH0,Persivia,Persivia Platform
171367,0015CFG3Q10HY2V,"Inpriva, Inc.",hDirect Network Services
171368,0015CLT8S0A3MT6,Cerner Corporation,Electronic Case Reporting
171369,0015CT0PPT32RH0,Persivia,Persivia Platform
171370,nan,nan,
171371,0015C80E18RAW4X,Cerner Corporation,Electronic Case Reporting
171372,0015C80E18RAW4X,Cerner Corporation,Electronic Case Reporting
171373,0015C5KH60XEZ5W,Epic Systems Corporation,Beacon Cancer Registry Reporting
171374,0015CLT8S0A3MT6,Cerner Corporation,Electronic Case Reporting
171375,0015C4DPR23A8VK,Cerner Corporation,Antimicrobial Usage and Resistance Reporting
171376,0015CFG3Q10HY2V,"Inpriva, Inc.",hDirect Network Services
171377,0015C653E6J0GQN,Cerner Corporation,Electronic Case Reporting
171378,0015CFG3Q10HY2V,"Inpriva, Inc.",hDirect Network Services
171379,0015C653E6J0GQN,Cerner Corporation,Electronic Case Reporting
171380,0015CAM1MLV2KZK,Cerner Corporation,Antimicrobial Usage and Resistance Reporting
171381,0015CFK6U1HAM4K,Secure Exchange Solutions,SES Direct
171382,0015C1FY2LTP2R5,Secure Exchange Solutions,SES Direct
171383,0015CFG3Q10HY2V,"Inpriva, Inc.",hDirect Network Services
171384,0015CPL0QAX154T,Secure Exchange Solutions,SES Direct
171385,0015CPL0QAX154T,Secure Exchange Solutions,SES Direct
171386,nan,nan,
173300,nan,nan,
180001,0015CW3NXQ9AG42,Epic Systems Corporation,Beaker Reportable Labs Reporting
180002,0015C946ANU9N81,MedAllies,MedAllies Direct Solutions™
180004,0015C8YGS65EE0D,Epic Systems Corporation,Beacon Cancer Registry Reporting
180005,0015C946ANU9N81,MedAllies,MedAllies Direct Solutions™
180009,0015CD44ZFB3ZJS,Epic Systems Corporation,EpicCare Inpatient Base
180010,0015CWD2653NY5L,Epic Systems Corporation,Beacon Cancer Registry Reporting
180011,0015CWD2653NY5L,Epic Systems Corporation,Beacon Cancer Registry Reporting
180012,0015C124KR0SNP1,Epic Systems Corporation,Beaker Reportable Labs Reporting
180013,0015CN1GL8M6DYQ,Secure Exchange Solutions,SES Direct
180016,0015CX8K9UM3M52,Cerner Corporation,Electronic Case Reporting
180017,0015C1PC2VXC7PW,Cerner Corporation,Electronic Case Reporting
180018,0015CE4ZXJ0FKT5,Secure Exchange Solutions,SES Direct
180019,0015C4HSE8YJ05Q,"Medisolv, Inc.",ENCOR-e
180020,0015C946ANU9N81,MedAllies,MedAllies Direct Solutions™
180024,0015C4HSE8YJ05Q,"Medisolv, Inc.",ENCOR-e
180025,0015CWD2653NY5L,Epic Systems Corporation,Beacon Cancer Registry Reporting
180027,0015CZ8QFF7QPS8,Secure Exchange Solutions,SES Direct
180029,0015C946ANU9N81,MedAllies,MedAllies Direct Solutions™
180035,0015CW3NXQ9AG42,Epic Systems Corporation,Beaker Reportable Labs Reporting
180038,0015C8YGS65EE0D,Epic Systems Corporation,Beacon Cancer Registry Reporting
180040,0015CX8K9UM3M52,Cerner Corporation,Electronic Case Reporting
180043,0015CFG9KA7DWS7,Cerner Corporation,Electronic Case Reporting
180044,0015CRT7Y4XJX42,Epic Systems Corporation,Beacon Cancer Registry Reporting
180045,0015CW3NXQ9AG42,Epic Systems Corporation,Beaker Reportable Labs Reporting
180046,0015C8CHE73ABS5,Secure Exchange Solutions,SES Direct
180048,0015CLU15QN45BX,Secure Exchange Solutions,SES Direct
180049,0015C124KR0SNP1,Epic Systems Corporation,Beaker Reportable Labs Reporting
180050,0015C946ANU9N81,MedAllies,MedAllies Direct Solutions™
180051,0015CW4VMW3NMY3,Altera Digital Health Inc.,Sunrise Acute Care
180056,0015C9XTF3Q6PKS,Epic Systems Corporation,EpicCare Ambulatory Base
180064,0015CWD2653NY5L,Epic Systems Corporation,Beacon Cancer Registry Reporting
180066,0015CC4NC7PMU4W,Secure Exchange Solutions,SES Direct
180067,0015CVE0NUW5RTT,Epic Systems Corporation,EpicCare Inpatient Base
180069,0015C946ANU9N81,MedAllies,MedAllies Direct Solutions™
180070,0015C8YGS65EE0D,Epic Systems Corporation,Beacon Cancer Registry Reporting
180078,0015C946ANU9N81,MedAllies,MedAllies Direct Solutions™
180079,0015CE4ZXJ0FKT5,Secure Exchange Solutions,SES Direct
180080,0015C124KR0SNP1,Epic Systems Corporation,Beaker Reportable Labs Reporting
180087,0015C78VNK5JJP0,DrFirst,Rcopia
180088,0015C8XCN16R6V5,Epic Systems Corporation,Beacon Cancer Registry Reporting
180092,0015C8CHE73ABS5,Secure Exchange Solutions,SES Direct
180093,0015C9XTF3Q6PKS,Epic Systems Corporation,EpicCare Ambulatory Base
180101,0015C8CHE73ABS5,Secure Exchange Solutions,SES Direct
180102,0015C4J0ZKW5KKJ,Epic Systems Corporation,EpicCare Inpatient Base
180103,0015C124KR0SNP1,Epic Systems Corporation,Beaker Reportable Labs Reporting
180104,0015C124KR0SNP1,Epic Systems Corporation,Beaker Reportable Labs Reporting
180105,0015CS6RG8Z4GVH,Secure Exchange Solutions,SES Direct
180115,0015CR11XHK6S8D,Secure Exchange Solutions,SES Direct
180116,0015C4HSE8YJ05Q,"Medisolv, Inc.",ENCOR-e
180124,0015C622YQ4JDC3,"Surescripts, LLC",Surescripts Clinical Direct Messaging
180127,0015CS48Q53VKT0,"Surescripts, LLC",Surescripts Clinical Direct Messaging
180128,0015C8CHE73ABS5,Secure Exchange Solutions,SES Direct
180130,0015C124KR0SNP1,Epic Systems Corporation,Beaker Reportable Labs Reporting
180132,0015C4XYB82NW5B,"Medisolv, Inc.",ENCOR-e
180138,0015C124KR0SNP1,Epic Systems Corporation,Beaker Reportable Labs Reporting
180139,0015C8CHE73ABS5,Secure Exchange Solutions,SES Direct
180141,0015CX8K9UM3M52,Cerner Corporation,Electronic Case Reporting
180143,0015CWD2653NY5L,Epic Systems Corporation,Beacon Cancer Registry Reporting
180149,0015C1PC2VXC7PW,Cerner Corporation,Electronic Case Reporting
180154,nan,nan,
181301,0015C4J0ZKW5KKJ,Epic Systems Corporation,EpicCare Inpatient Base
181302,0015CLU15QN45BX,Secure Exchange Solutions,SES Direct
181304,0015CFG3Q10HY2V,"Inpriva, Inc.",hDirect Network Services
181305,0015C946ANU9N81,MedAllies,MedAllies Direct Solutions™
181306,0015C9XTF3Q6PKS,Epic Systems Corporation,EpicCare Ambulatory Base
181307,0015C946ANU9N81,MedAllies,MedAllies Direct Solutions™
181308,0015C8CHE73ABS5,Secure Exchange Solutions,SES Direct
181309,0015CFG3Q10HY2V,"Inpriva, Inc.",hDirect Network Services
181310,0015CFG3Q10HY2V,"Inpriva, Inc.",hDirect Network Services
181311,0015CW3NXQ9AG42,Epic Systems Corporation,Beaker Reportable Labs Reporting
181314,0015CN1GL8M6DYQ,Secure Exchange Solutions,SES Direct
181315,0015CLU15QN45BX,Secure Exchange Solutions,SES Direct
181316,0015C946ANU9N81,MedAllies,MedAllies Direct Solutions™
181317,0015CFG3Q10HY2V,"Inpriva, Inc.",hDirect Network Services
181318,0015CN1GL8M6DYQ,Secure Exchange Solutions,SES Direct
181319,nan,nan,
181320,0015CMJ8XDN1QN9,Cerner Corporation,Electronic Case Reporting
181321,0015C8CHE73ABS5,Secure Exchange Solutions,SES Direct
181322,0015CFG3Q10HY2V,"Inpriva, Inc.",hDirect Network Services
181323,nan,nan,
181324,0015CN1GL8M6DYQ,Secure Exchange Solutions,SES Direct
181325,0015CFG3Q10HY2V,"Inpriva, Inc.",hDirect Network Services
181327,0015CLJ6CPB7FN6,Secure Exchange Solutions,SES Direct
181328,0015C946ANU9N81,MedAllies,MedAllies Direct Solutions™
181329,0015CWD2653NY5L,Epic Systems Corporation,Beacon Cancer Registry Reporting
181330,0015CJ9CMR3T0SG,DrFirst,Rcopia
181331,0015C946ANU9N81,MedAllies,MedAllies Direct Solutions™
181332,0015C8CHE73ABS5,Secure Exchange Solutions,SES Direct
181333,nan,nan,
190002,0015CVZ8NZE0N5M,Epic Systems Corporation,Beaker Reportable Labs Reporting
190004,0015CPS8PBQ1L98,DrFirst,Rcopia
190005,0015CUP3NEU1E4P,Epic Systems Corporation,Beacon Cancer Registry Reporting
190006,0015CVZ8NZE0N5M,Epic Systems Corporation,Beaker Reportable Labs Reporting
190007,0015CDR9VB4KSE5,Secure Exchange Solutions,SES Direct
190008,0015CEA2XUM6B27,Epic Systems Corporation,EpicCare Inpatient Base
190011,0015CEA2XUM6B27,Epic Systems Corporation,EpicCare Inpatient Base
190013,0015CK3MKQ1BP7X,"Premier Healthcare Solutions, Inc.",eCQM Calculator
190014,0015CEA2XUM6B27,Epic Systems Corporation,EpicCare Inpatient Base
190015,0015C55T8AH25UH,Epic Systems Corporation,Electronic Case Reporting
190017,0015C80E18RAW4X,Cerner Corporation,Electronic Case Reporting
190019,0015CJR3Z59N4NU,"Surescripts, LLC",Surescripts Clinical Direct Messaging
190020,0015CLW92XXB6YE,Secure Exchange Solutions,SES Direct
190025,0015CFG3Q10HY2V,"Inpriva, Inc.",hDirect Network Services
190026,0015C622YQ4JDC3,"Surescripts, LLC",Surescripts Clinical Direct Messaging
190027,0015CJR3Z59N4NU,"Surescripts, LLC",Surescripts Clinical Direct Messaging
190034,0015C80E18RAW4X,Cerner Corporation,Electronic Case Reporting
190036,0015CEA2XUM6B27,Epic Systems Corporation,EpicCare Inpatient Base
190039,0015CUP3NEU1E4P,Epic Systems Corporation,Beacon Cancer Registry Reporting
190040,0015CEA2XUM6B27,Epic Systems Corporation,EpicCare Inpatient Base
190041,0015CJR3Z59N4NU,"Surescripts, LLC",Surescripts Clinical Direct Messaging
190044,0015CVZ8NZE0N5M,Epic Systems Corporation,Beaker Reportable Labs Reporting
190045,0015CEA2XUM6B27,Epic Systems Corporation,EpicCare Inpatient Base
190046,0015CHL24QZ8GAF,Epic Systems Corporation,Beacon Cancer Registry Reporting
190050,0015CUU0VN4CTW1,MedAllies,MedAllies Direct Solutions™
190053,0015CVZ8NZE0N5M,Epic Systems Corporation,Beaker Reportable Labs Reporting
190054,0015CFG3Q10HY2V,"Inpriva, Inc.",hDirect Network Services
190060,nan,nan,
190064,0015CVE0NUW5RTT,Epic Systems Corporation,EpicCare Inpatient Base
190065,0015CK3MKQ1BP7X,"Premier Healthcare Solutions, Inc.",eCQM Calculator
190079,0015CEA2XUM6B27,Epic Systems Corporation,EpicCare Inpatient Base
190086,0015CX112ZVK0ZX,Secure Exchange Solutions,SES Direct
190088,0015CFG3Q10HY2V,"Inpriva, Inc.",hDirect Network Services
190090,0015CD30BJE5K3L,Secure Exchange Solutions,SES Direct
190098,0015CEA2XUM6B27,Epic Systems Corporation,EpicCare Inpatient Base
190099,0015CD30BJE5K3L,Secure Exchange Solutions,SES Direct
190102,0015CVE0NUW5RTT,Epic Systems Corporation,EpicCare Inpatient Base
190106,nan,nan,
190111,0015CHF5LA5KND5,"Park Avenue Capital, LLC dba MaxMD",MaxMD Direct mdEmail®
190114,0015CD38WA7A77E,Secure Exchange Solutions,SES Direct
190116,0015C8CHE73ABS5,Secure Exchange Solutions,SES Direct
190118,0015CFG3Q10HY2V,"Inpriva, Inc.",hDirect Network Services
190125,0015CVE0NUW5RTT,Epic Systems Corporation,EpicCare Inpatient Base
190128,0015C7QHT4SYU4B,"InterOperability Bidco, Inc., d.b.a. Rhapsody",Corepoint Integration Engine
190133,0015CFG3Q10HY2V,"Inpriva, Inc.",hDirect Network Services
190140,0015C9Z58N4E02Y,Scientific Technologies Corporation,ImmsLink
190144,0015CFH8ALS0PHX,Secure Exchange Solutions,SES Direct
190145,0015CFG3Q10HY2V,"Inpriva, Inc.",hDirect Network Services
190151,0015CFG3Q10HY2V,"Inpriva, Inc.",hDirect Network Services
190160,0015C28CYJ5LLF4,"DataMotion, Inc.",DataMotion Direct
190164,0015CD38WA7A77E,Secure Exchange Solutions,SES Direct
190167,0015C8CHE73ABS5,Secure Exchange Solutions,SES Direct
190176,0015CKR5HCD6T9Y,"Surescripts, LLC",Surescripts Clinical Direct Messaging
190183,0015CEA2XUM6B27,Epic Systems Corporation,EpicCare Inpatient Base
190184,0015CW40F8CZL04,DrFirst,Rcopia
190190,0015CFG3Q10HY2V,"Inpriva, Inc.",hDirect Network Services
190201,0015CJR3Z59N4NU,"Surescripts, LLC",Surescripts Clinical Direct Messaging
190202,0015CEA2XUM6B27,Epic Systems Corporation,EpicCare Inpatient Base
190208,0015CT0PPT32RH0,Persivia,Persivia Platform
190218,0015CD30BJE5K3L,Secure Exchange Solutions,SES Direct
190241,nan,nan,
190245,0015CFG3Q10HY2V,"Inpriva, Inc.",hDirect Network Services
190251,nan,nan,
190255,0015CFG3Q10HY2V,"Inpriva, Inc.",hDirect Network Services
190256,0015CFG3Q10HY2V,"Inpriva, Inc.",hDirect Network Services
190259,0015C40C0YCP4T4,MedAllies,MedAllies Direct Solutions™
190266,0015CAE6T4C0BJB,"Park Avenue Capital, LLC dba MaxMD",MaxMD Direct mdEmail®
190267,0015C1MWQ0ZHE9S,Cerner Corporation,Electronic Case Reporting
190270,0015CVY1N1F91KM,Secure Exchange Solutions,SES Direct
190274,0015CEA2XUM6B27,Epic Systems Corporation,EpicCare Inpatient Base
190278,0015CFG3Q10HY2V,"Inpriva, Inc.",hDirect Network Services
190298,0015CQZ3GL3N8TR,"Premier Healthcare Solutions, Inc.",eCQM Calculator
190300,nan,nan,
190302,nan,nan,
190303,0015CFG3Q10HY2V,"Inpriva, Inc.",hDirect Network Services
190308,0015CEA2XUM6B27,Epic Systems Corporation,EpicCare Inpatient Base
190312,0015CVE0NUW5RTT,Epic Systems Corporation,EpicCare Inpatient Base
190313,0015CUP3NEU1E4P,Epic Systems Corporation,Beacon Cancer Registry Reporting
190316,nan,nan,
190317,0015CEA2XUM6B27,Epic Systems Corporation,EpicCare Inpatient Base
190318,0015C8CHE73ABS5,Secure Exchange Solutions,SES Direct
190319,nan,nan,
191300,0015CFG3Q10HY2V,"Inpriva, Inc.",hDirect Network Services
191301,0015C8CHE73ABS5,Secure Exchange Solutions,SES Direct
191302,0015CVZ8NZE0N5M,Epic Systems Corporation,Beaker Reportable Labs Reporting
191304,0015CDA13YNK8F1,Cerner Corporation,Electronic Case Reporting
191305,0015C4DPR23A8VK,Cerner Corporation,Antimicrobial Usage and Resistance Reporting
191306,nan,nan,
191307,0015CY9N5RK82FA,Secure Exchange Solutions,SES Direct
191308,0015CT0PPT32RH0,Persivia,Persivia Platform
191309,0015CFG3Q10HY2V,"Inpriva, Inc.",hDirect Network Services
191310,0015CFG3Q10HY2V,"Inpriva, Inc.",hDirect Network Services
191311,0015CFG3Q10HY2V,"Inpriva, Inc.",hDirect Network Services
191312,0015CJR3Z59N4NU,"Surescripts, LLC",Surescripts Clinical Direct Messaging
191313,0015C80E18RAW4X,Cerner Corporation,Electronic Case Reporting
191314,nan,nan,
191315,0015CFG3Q10HY2V,"Inpriva, Inc.",hDirect Network Services
191316,0015CFG3Q10HY2V,"Inpriva, Inc.",hDirect Network Services
191317,0015C80E18RAW4X,Cerner Corporation,Electronic Case Reporting
191318,0015CFG3Q10HY2V,"Inpriva, Inc.",hDirect Network Services
191319,0015CFG3Q10HY2V,"Inpriva, Inc.",hDirect Network Services
191320,0015CD30BJE5K3L,Secure Exchange Solutions,SES Direct
191321,0015CHL24QZ8GAF,Epic Systems Corporation,Beacon Cancer Registry Reporting
191322,0015CVZ8NZE0N5M,Epic Systems Corporation,Beaker Reportable Labs Reporting
191323,0015CQT7URF86HV,Persivia,Persivia Platform
191324,0015CEA2XUM6B27,Epic Systems Corporation,EpicCare Inpatient Base
191325,nan,nan,
191326,0015CXZ21PBQ54A,Azalea Health,ChartAccess ®
191327,nan,nan,
193300,nan,nan,
200001,0015C4J0ZKW5KKJ,Epic Systems Corporation,EpicCare Inpatient Base
200008,0015CE1VL612TJY,Imprivata,Imprivata FairWarning
200009,0015CKC5HA5F51T,Epic Systems Corporation,Beacon Cancer Registry Reporting
20001,0015CCE123S5WK4,Epic Systems Corporation,Beaker Reportable Labs Reporting
200018,0015CE1VL612TJY,Imprivata,Imprivata FairWarning
200020,0015CK3MKQ1BP7X,"Premier Healthcare Solutions, Inc.",eCQM Calculator
200021,0015CKC5HA5F51T,Epic Systems Corporation,Beacon Cancer Registry Reporting
200024,0015C32G0EM34J6,Cerner Corporation,Antimicrobial Usage and Resistance Reporting
200031,0015CFG3Q10HY2V,"Inpriva, Inc.",hDirect Network Services
200033,0015CE1VL612TJY,Imprivata,Imprivata FairWarning
200034,0015C4J0ZKW5KKJ,Epic Systems Corporation,EpicCare Inpatient Base
200039,0015CW4VMW3NMY3,Altera Digital Health Inc.,Sunrise Acute Care
200041,0015CE1VL612TJY,Imprivata,Imprivata FairWarning
200050,0015CE1VL612TJY,Imprivata,Imprivata FairWarning
200052,0015C7G9EJT78H8,Cerner Corporation,Antimicrobial Usage and Resistance Reporting
20006,0015CR8535UDY24,"InterOperability Bidco, Inc., d.b.a. Rhapsody",Rhapsody Integration Engine
200063,0015CKC5HA5F51T,Epic Systems Corporation,Beacon Cancer Registry Reporting
20008,0015C084N9B8PXS,Imprivata,Imprivata FairWarning
20012,0015C3K3YJ2CSK4,Cerner Corporation,Electronic Case Reporting
20017,0015CYV73ECC6M9,Epic Systems Corporation,Beaker Reportable Labs Reporting
20018,0015CNE5E23X9WJ,Cerner Corporation,HealtheAnalytics: Promoting Interoperability
20024,0015CDF3ECN53CG,Epic Systems Corporation,Beaker Reportable Labs Reporting
20026,0015C5SDY48QRN1,Cerner Corporation,Electronic Case Reporting
201300,0015CE1VL612TJY,Imprivata,Imprivata FairWarning
201301,0015CE1VL612TJY,Imprivata,Imprivata FairWarning
201302,0015CKC5HA5F51T,Epic Systems Corporation,Beacon Cancer Registry Reporting
201303,nan,nan,
201304,0015C80E18RAW4X,Cerner Corporation,Electronic Case Reporting
201305,0015CFG3Q10HY2V,"Inpriva, Inc.",hDirect Network Services
201306,0015C32G0EM34J6,Cerner Corporation,Antimicrobial Usage and Resistance Reporting
201307,0015CFG3Q10HY2V,"Inpriva, Inc.",hDirect Network Services
201308,0015C05XRW4G6B6,Secure Exchange Solutions,SES Direct
201309,0015C80E18RAW4X,Cerner Corporation,Electronic Case Reporting
201310,0015C32G0EM34J6,Cerner Corporation,Antimicrobial Usage and Resistance Reporting
201311,0015C80E18RAW4X,Cerner Corporation,Electronic Case Reporting
201312,0015CKC5HA5F51T,Epic Systems Corporation,Beacon Cancer Registry Reporting
201313,0015CE1VL612TJY,Imprivata,Imprivata FairWarning
201314,0015CZK3868FUL4,"Park Avenue Capital, LLC dba MaxMD",MaxMD Direct mdEmail®
201315,0015CKC5HA5F51T,Epic Systems Corporation,Beacon Cancer Registry Reporting
201316,nan,nan,
210001,0015CYT94LS81XV,Epic Systems Corporation,Beacon Cancer Registry Reporting
210002,0015CE0Q84QPW6R,Cerner Corporation,Electronic Lab Results
210003,0015CE0Q84QPW6R,Cerner Corporation,Electronic Lab Results
210004,0015C8XCN16R6V5,Epic Systems Corporation,Beacon Cancer Registry Reporting
210005,0015CHH3A0TPA3A,Secure Exchange Solutions,SES Direct
210008,0015C3GKN8P5MDL,Epic Systems Corporation,Beaker Reportable Labs Reporting
210009,0015C6D7SZ9A442,Epic Systems Corporation,Electronic Case Reporting
210011,0015CMK0R40U06V,Secure Exchange Solutions,SES Direct
210012,0015C8ZRS80JAQ6,Imprivata,Imprivata FairWarning
210015,0015C6NE153843T,Cerner Corporation,Antimicrobial Usage and Resistance Reporting
210016,0015CXJ1LSC4H6G,Cerner Corporation,Electronic Case Reporting
210017,0015CHA9ZLS6ELS,Epic Systems Corporation,Beacon Cancer Registry Reporting
210018,0015C6NE153843T,Cerner Corporation,Antimicrobial Usage and Resistance Reporting
210019,0015CYK074QMH4Z,Epic Systems Corporation,Beacon Cancer Registry Reporting
210022,0015C6D7SZ9A442,Epic Systems Corporation,Electronic Case Reporting
210023,nan,nan,
210024,0015C6NE153843T,Cerner Corporation,Antimicrobial Usage and Resistance Reporting
210027,0015CP46VRF6P8N,DrFirst,Rcopia
210028,0015C6NE153843T,Cerner Corporation,Antimicrobial Usage and Resistance Reporting
210029,0015C6D7SZ9A442,Epic Systems Corporation,Electronic Case Reporting
210030,0015CE0Q84QPW6R,Cerner Corporation,Electronic Lab Results
210032,0015CTB8NHS6NGG,Imprivata,Imprivata FairWarning
210033,0015C8ZRS80JAQ6,Imprivata,Imprivata FairWarning
210034,0015C6NE153843T,Cerner Corporation,Antimicrobial Usage and Resistance Reporting
210035,0015CE0Q84QPW6R,Cerner Corporation,Electronic Lab Results
210037,0015CE0Q84QPW6R,Cerner Corporation,Electronic Lab Results
210038,0015CE0Q84QPW6R,Cerner Corporation,Electronic Lab Results
210039,0015C3L6FG4X33T,"Surescripts, LLC",Surescripts Clinical Direct Messaging
210040,0015C8ZRS80JAQ6,Imprivata,Imprivata FairWarning
210043,0015CE0Q84QPW6R,Cerner Corporation,Electronic Lab Results
210044,0015CYT94LS81XV,Epic Systems Corporation,Beacon Cancer Registry Reporting
210048,0015C6D7SZ9A442,Epic Systems Corporation,Electronic Case Reporting
210049,0015CE0Q84QPW6R,Cerner Corporation,Electronic Lab Results
210051,nan,nan,
210056,0015C6NE153843T,Cerner Corporation,Antimicrobial Usage and Resistance Reporting
210057,0015CXJ1LSC4H6G,Cerner Corporation,Electronic Case Reporting
210058,0015CE0Q84QPW6R,Cerner Corporation,Electronic Lab Results
210060,0015CXJ1LSC4H6G,Cerner Corporation,Electronic Case Reporting
210061,nan,nan,
210062,0015C6NE153843T,Cerner Corporation,Antimicrobial Usage and Resistance Reporting
210063,0015CE0Q84QPW6R,Cerner Corporation,Electronic Lab Results
210064,0015C8ZRS80JAQ6,Imprivata,Imprivata FairWarning
210065,0015C8XCN16R6V5,Epic Systems Corporation,Beacon Cancer Registry Reporting
21301,0015CCE123S5WK4,Epic Systems Corporation,Beaker Reportable Labs Reporting
21302,0015CCE123S5WK4,Epic Systems Corporation,Beaker Reportable Labs Reporting
21304,nan,nan,
21305,nan,nan,
21306,0015CCE123S5WK4,Epic Systems Corporation,Beaker Reportable Labs Reporting
21307,0015CFG3Q10HY2V,"Inpriva, Inc.",hDirect Network Services
21308,0015CN9A2LCQ8V2,Cerner Corporation,Electronic Case Reporting
21309,0015CN9A2LCQ8V2,Cerner Corporation,Electronic Case Reporting
21310,0015CN9A2LCQ8V2,Cerner Corporation,Electronic Case Reporting
21311,0015CU48GML2XL5,Epic Systems Corporation,EpicCare Inpatient Base
21312,nan,nan,
21313,0015CFG3Q10HY2V,"Inpriva, Inc.",hDirect Network Services
21314,nan,nan,
213300,nan,nan,
213301,nan,nan,
220001,0015CWW3R9FPD02,Epic Systems Corporation,Beacon Cancer Registry Reporting
220002,0015CKY003B5ZBG,Epic Systems Corporation,Beacon Cancer Registry Reporting
220008,0015C4DPR23A8VK,Cerner Corporation,Antimicrobial Usage and Resistance Reporting
220010,0015CK3TYN7UYQ3,Orion Health,Communicate
220011,0015C4J0ZKW5KKJ,Epic Systems Corporation,EpicCare Inpatient Base
220012,0015CTU9MP4EP7C,Epic Systems Corporation,Beaker Reportable Labs Reporting
220015,0015C9C70ZC87RM,Epic Systems Corporation,Beacon Cancer Registry Reporting
220016,0015CK5DPM68H5T,Imprivata,Imprivata FairWarning
220017,0015C28CYJ5LLF4,"DataMotion, Inc.",DataMotion Direct
220019,0015CWW3R9FPD02,Epic Systems Corporation,Beacon Cancer Registry Reporting
220020,0015C28CYJ5LLF4,"DataMotion, Inc.",DataMotion Direct
220024,0015CK3TYN7UYQ3,Orion Health,Communicate
220029,0015CGE9P51LDH9,Orion Health,Communicate
220030,0015CK5DPM68H5T,Imprivata,Imprivata FairWarning
220031,0015CWT525JKU1H,Epic Systems Corporation,Beacon Cancer Registry Reporting
220033,0015CKY003B5ZBG,Epic Systems Corporation,Beacon Cancer Registry Reporting
220035,0015C9C70ZC87RM,Epic Systems Corporation,Beacon Cancer Registry Reporting
220036,0015C28CYJ5LLF4,"DataMotion, Inc.",DataMotion Direct
220046,0015CNU77M679KC,MedAllies,MedAllies Direct Solutions™
220049,0015CWW3R9FPD02,Epic Systems Corporation,Beacon Cancer Registry Reporting
220052,nan,nan,
220060,0015C9LUY50XZP7,Orion Health,Communicate
220062,0015CFG3Q10HY2V,"Inpriva, Inc.",hDirect Network Services
220063,0015CV6V21T2LKS,Epic Systems Corporation,Beaker Reportable Labs Reporting
220065,0015CK5DPM68H5T,Imprivata,Imprivata FairWarning
220066,nan,nan,
220070,0015CF08Y4L55QQ,Epic Systems Corporation,Beaker Reportable Labs Reporting
220071,0015C9C70ZC87RM,Epic Systems Corporation,Beacon Cancer Registry Reporting
220073,0015C28CYJ5LLF4,"DataMotion, Inc.",DataMotion Direct
220074,0015CLX5UPP9B4B,Epic Systems Corporation,Beacon Cancer Registry Reporting
220075,0015C9C70ZC87RM,Epic Systems Corporation,Beacon Cancer Registry Reporting
220077,0015CK5DPM68H5T,Imprivata,Imprivata FairWarning
220080,0015C28CYJ5LLF4,"DataMotion, Inc.",DataMotion Direct
220083,0015C9LUY50XZP7,Orion Health,Communicate
220084,0015C59SKS266VD,Orion Health,Communicate
220086,0015CHK31LTH57J,"Dynamic Health IT, Inc",ConnectEHR +BulkFHIR
220088,0015CAT6X2P8LT2,Cerner Corporation,Soarian Clinicals
220090,0015CW0XN36Z79K,Orion Health,Communicate
220095,0015CK3TYN7UYQ3,Orion Health,Communicate
220098,0015C28CYJ5LLF4,"DataMotion, Inc.",DataMotion Direct
220100,0015CHL24QZ8GAF,Epic Systems Corporation,Beacon Cancer Registry Reporting
220101,0015C9C70ZC87RM,Epic Systems Corporation,Beacon Cancer Registry Reporting
220105,0015CKY003B5ZBG,Epic Systems Corporation,Beacon Cancer Registry Reporting
220108,0015C9LUY50XZP7,Orion Health,Communicate
220110,0015C9C70ZC87RM,Epic Systems Corporation,Beacon Cancer Registry Reporting
220111,0015C28CYJ5LLF4,"DataMotion, Inc.",DataMotion Direct
220116,0015CV6V21T2LKS,Epic Systems Corporation,Beaker Reportable Labs Reporting
220119,0015C9C70ZC87RM,Epic Systems Corporation,Beacon Cancer Registry Reporting
220126,nan,nan,
220135,0015CTU9MP4EP7C,Epic Systems Corporation,Beaker Reportable Labs Reporting
220163,0015CWW3R9FPD02,Epic Systems Corporation,Beacon Cancer Registry Reporting
220171,0015CKY003B5ZBG,Epic Systems Corporation,Beacon Cancer Registry Reporting
220175,nan,nan,
220176,nan,nan,
220177,0015C9C70ZC87RM,Epic Systems Corporation,Beacon Cancer Registry Reporting
221300,0015C9C70ZC87RM,Epic Systems Corporation,Beacon Cancer Registry Reporting
221302,0015CNU77M679KC,MedAllies,MedAllies Direct Solutions™
221303,0015CK3TYN7UYQ3,Orion Health,Communicate
221304,nan,nan,
223300,nan,nan,
223302,nan,nan,
223304,nan,nan,
230002,0015C8XCN16R6V5,Epic Systems Corporation,Beacon Cancer Registry Reporting
230003,0015CU18C3B754T,Epic Systems Corporation,Electronic Case Reporting
230005,0015CD44ZFB3ZJS,Epic Systems Corporation,EpicCare Inpatient Base
230013,nan,nan,
230015,0015CK3MKQ1BP7X,"Premier Healthcare Solutions, Inc.",eCQM Calculator
230017,0015CPR3LFS6VXN,Epic Systems Corporation,Beacon Cancer Registry Reporting
230019,0015C5LFV335W0K,Cerner Corporation,Electronic Case Reporting
230020,0015CN36YHY9RBC,Epic Systems Corporation,Electronic Case Reporting
230021,0015CZF3VFR47TZ,Epic Systems Corporation,EpicCare Ambulatory Base
230022,0015CD44ZFB3ZJS,Epic Systems Corporation,EpicCare Inpatient Base
230024,0015CQY4L8K8V1D,Imprivata,Imprivata FairWarning
230029,0015C8XCN16R6V5,Epic Systems Corporation,Beacon Cancer Registry Reporting
230030,0015C8LBU9NC5UB,Epic Systems Corporation,EpicCare Ambulatory Base
230031,0015C4H2WUK0S3A,Epic Systems Corporation,Beacon Cancer Registry Reporting
230035,0015CU18C3B754T,Epic Systems Corporation,Electronic Case Reporting
230036,0015C8LBU9NC5UB,Epic Systems Corporation,EpicCare Ambulatory Base
230037,0015CFG3Q10HY2V,"Inpriva, Inc.",hDirect Network Services
230038,0015CU18C3B754T,Epic Systems Corporation,Electronic Case Reporting
230041,0015C8KJ38G8XKU,Imprivata,FairWarning® Patient Privacy Monitoring
230046,0015CR0QPL5MKZ4,Epic Systems Corporation,Beacon Cancer Registry Reporting
230047,0015CCL4ANK5T16,Epic Systems Corporation,Beacon Cancer Registry Reporting
230053,0015CCL4ANK5T16,Epic Systems Corporation,Beacon Cancer Registry Reporting
230054,0015C0UNC8R9VFR,"Medisolv, Inc.",ENCOR-e
230055,nan,nan,
230058,0015C6BAM1VSL81,Cerner Corporation,Electronic Case Reporting
230059,0015C8XCN16R6V5,Epic Systems Corporation,Beacon Cancer Registry Reporting
230066,0015C8XCN16R6V5,Epic Systems Corporation,Beacon Cancer Registry Reporting
230069,0015C8XCN16R6V5,Epic Systems Corporation,Beacon Cancer Registry Reporting
230070,0015CTU9MP4EP7C,Epic Systems Corporation,Beaker Reportable Labs Reporting
230071,0015CT0PPT32RH0,Persivia,Persivia Platform
230072,nan,nan,
230075,0015CPR3LFS6VXN,Epic Systems Corporation,Beacon Cancer Registry Reporting
230077,nan,nan,
230078,0015CZF3VFR47TZ,Epic Systems Corporation,EpicCare Ambulatory Base
230080,0015C8KJ38G8XKU,Imprivata,FairWarning® Patient Privacy Monitoring
230081,0015C6BAM1VSL81,Cerner Corporation,Electronic Case Reporting
230085,0015CPR3LFS6VXN,Epic Systems Corporation,Beacon Cancer Registry Reporting
230089,0015CN36YHY9RBC,Epic Systems Corporation,Electronic Case Reporting
230092,0015CCL4ANK5T16,Epic Systems Corporation,Beacon Cancer Registry Reporting
230093,0015CU18C3B754T,Epic Systems Corporation,Electronic Case Reporting
230095,0015C8LBU9NC5UB,Epic Systems Corporation,EpicCare Ambulatory Base
230097,0015C6BAM1VSL81,Cerner Corporation,Electronic Case Reporting
230099,0015CD44ZFB3ZJS,Epic Systems Corporation,EpicCare Inpatient Base
230100,nan,nan,
230104,0015CQY4L8K8V1D,Imprivata,Imprivata FairWarning
230105,0015C8KJ38G8XKU,Imprivata,FairWarning® Patient Privacy Monitoring
230108,0015CE8T574Z66D,"Medisolv, Inc.",ENCOR-e
230110,0015CU18C3B754T,Epic Systems Corporation,Electronic Case Reporting
230117,0015C5LFV335W0K,Cerner Corporation,Electronic Case Reporting
230121,0015CRB1BEK2HLT,Secure Exchange Solutions,SES Direct
230130,0015CN36YHY9RBC,Epic Systems Corporation,Electronic Case Reporting
230132,0015CVZ8NZE0N5M,Epic Systems Corporation,Beaker Reportable Labs Reporting
230133,0015CRQ7GF3YTY7,Secure Exchange Solutions,SES Direct
230141,0015C8KJ38G8XKU,Imprivata,FairWarning® Patient Privacy Monitoring
230142,0015CN36YHY9RBC,Epic Systems Corporation,Electronic Case Reporting
230144,nan,nan,
230146,0015CCL4ANK5T16,Epic Systems Corporation,Beacon Cancer Registry Reporting
230151,0015CN36YHY9RBC,Epic Systems Corporation,Electronic Case Reporting
230156,0015C8XCN16R6V5,Epic Systems Corporation,Beacon Cancer Registry Reporting
230165,0015C5LFV335W0K,Cerner Corporation,Electronic Case Reporting
230167,0015C8KJ38G8XKU,Imprivata,FairWarning® Patient Privacy Monitoring
230174,0015CJN3GDZ9GJE,Secure Exchange Solutions,SES Direct
230176,0015CN36YHY9RBC,Epic Systems Corporation,Electronic Case Reporting
230180,0015C8LBU9NC5UB,Epic Systems Corporation,EpicCare Ambulatory Base
230193,0015C8KJ38G8XKU,Imprivata,FairWarning® Patient Privacy Monitoring
230195,0015C5LFV335W0K,Cerner Corporation,Electronic Case Reporting
230197,nan,nan,
230207,0015C8KJ38G8XKU,Imprivata,FairWarning® Patient Privacy Monitoring
230208,0015CGC7WVU33RR,Epic Systems Corporation,Beacon Cancer Registry Reporting
230216,0015C2XBM59VCV5,Secure Exchange Solutions,SES Direct
230217,0015CGF2VBT9WTU,Cerner Corporation,HealtheAnalytics: Promoting Interoperability
230222,0015C8LBU9NC5UB,Epic Systems Corporation,EpicCare Ambulatory Base
230227,0015C8KJ38G8XKU,Imprivata,FairWarning® Patient Privacy Monitoring
230230,0015CGC7WVU33RR,Epic Systems Corporation,Beacon Cancer Registry Reporting
230236,0015C4J0ZKW5KKJ,Epic Systems Corporation,EpicCare Inpatient Base
230239,0015CJ7XNL7DXU5,Secure Exchange Solutions,SES Direct
230241,0015C5LFV335W0K,Cerner Corporation,Electronic Case Reporting
230244,0015C4H2WUK0S3A,Epic Systems Corporation,Beacon Cancer Registry Reporting
230254,0015C5LFV335W0K,Cerner Corporation,Electronic Case Reporting
230259,0015C8XCN16R6V5,Epic Systems Corporation,Beacon Cancer Registry Reporting
230264,0015C40C0YCP4T4,MedAllies,MedAllies Direct Solutions™
230269,0015CN36YHY9RBC,Epic Systems Corporation,Electronic Case Reporting
230270,0015CN36YHY9RBC,Epic Systems Corporation,Electronic Case Reporting
230273,0015CQY4L8K8V1D,Imprivata,Imprivata FairWarning
230275,0015CFG3Q10HY2V,"Inpriva, Inc.",hDirect Network Services
230277,0015CQY4L8K8V1D,Imprivata,Imprivata FairWarning
230279,nan,nan,
230297,0015CJD8B25E5KY,Imprivata,Imprivata FairWarning
230301,0015CFG3Q10HY2V,"Inpriva, Inc.",hDirect Network Services
230302,0015CCL4ANK5T16,Epic Systems Corporation,Beacon Cancer Registry Reporting
230303,0015CRQ7GF3YTY7,Secure Exchange Solutions,SES Direct
231300,nan,nan,
231301,0015C6BAM1VSL81,Cerner Corporation,Electronic Case Reporting
231303,0015C80E18RAW4X,Cerner Corporation,Electronic Case Reporting
231304,0015C3K2NHQ39SL,Epic Systems Corporation,Electronic Case Reporting
231305,nan,nan,
231306,nan,nan,
231307,0015CFG3Q10HY2V,"Inpriva, Inc.",hDirect Network Services
231308,nan,nan,
231310,0015CTU9MP4EP7C,Epic Systems Corporation,Beaker Reportable Labs Reporting
231311,0015CT0PPT32RH0,Persivia,Persivia Platform
231312,0015CFG3Q10HY2V,"Inpriva, Inc.",hDirect Network Services
231313,0015CP587BP0W9H,"Inpriva, Inc.",hDirect Network Services
231314,0015C7URE9RTG1U,"Inpriva, Inc.",hDirect Network Services
231315,0015C5LFV335W0K,Cerner Corporation,Electronic Case Reporting
231316,0015CTU9MP4EP7C,Epic Systems Corporation,Beaker Reportable Labs Reporting
231318,0015CHA02ZW66FN,Epic Systems Corporation,Beacon Cancer Registry Reporting
231319,0015CHA02ZW66FN,Epic Systems Corporation,Beacon Cancer Registry Reporting
231320,0015C8XCN16R6V5,Epic Systems Corporation,Beacon Cancer Registry Reporting
231321,0015CLV7UKW65LQ,"Medisolv, Inc.",ENCOR-e
231322,0015C8BFC12SJA8,Cerner Corporation,Electronic Case Reporting
231323,0015CU18C3B754T,Epic Systems Corporation,Electronic Case Reporting
231324,0015C9QX76NBY85,Secure Exchange Solutions,SES Direct
231325,0015C8LBU9NC5UB,Epic Systems Corporation,EpicCare Ambulatory Base
231326,0015CGC7WVU33RR,Epic Systems Corporation,Beacon Cancer Registry Reporting
231327,0015CGC7WVU33RR,Epic Systems Corporation,Beacon Cancer Registry Reporting
231328,nan,nan,
231329,0015CW40F8CZL04,DrFirst,Rcopia
231330,0015CP4LYG26BQE,Cerner Corporation,HealthSentry
231331,0015CGC7WVU33RR,Epic Systems Corporation,Beacon Cancer Registry Reporting
231332,0015CPR3LFS6VXN,Epic Systems Corporation,Beacon Cancer Registry Reporting
231333,0015CHA02ZW66FN,Epic Systems Corporation,Beacon Cancer Registry Reporting
231337,0015CHL24QZ8GAF,Epic Systems Corporation,Beacon Cancer Registry Reporting
231338,0015CU18C3B754T,Epic Systems Corporation,Electronic Case Reporting
231339,0015CU18C3B754T,Epic Systems Corporation,Electronic Case Reporting
231340,0015CMA6L1BK4EG,"Inpriva, Inc.",hDirect Network Services
233300,nan,nan,
240001,0015CRT7Y4XJX42,Epic Systems Corporation,Beacon Cancer Registry Reporting
240002,0015CRT7Y4XJX42,Epic Systems Corporation,Beacon Cancer Registry Reporting
240004,0015CSL2WQV3DHJ,Epic Systems Corporation,Electronic Case Reporting
240006,0015CZ9CRW4ZSL2,Epic Systems Corporation,Electronic Case Reporting
240010,0015CVV17E9ZY7H,Epic Systems Corporation,Electronic Case Reporting
240014,0015CQ2WP2DLD4Z,"Park Avenue Capital, LLC dba MaxMD",MaxMD Direct mdEmail®
240018,0015CVV17E9ZY7H,Epic Systems Corporation,Electronic Case Reporting
240019,0015CRT7Y4XJX42,Epic Systems Corporation,Beacon Cancer Registry Reporting
240020,0015CUE5T17SNJ9,Epic Systems Corporation,Beacon Cancer Registry Reporting
240022,0015CHL24QZ8GAF,Epic Systems Corporation,Beacon Cancer Registry Reporting
240030,0015CYK6PU0HZ5Z,"Surescripts, LLC",Surescripts Clinical Direct Messaging
240036,0015C5VF29ZXZ3P,"Surescripts, LLC",Surescripts Clinical Direct Messaging
240038,0015CUE5T17SNJ9,Epic Systems Corporation,Beacon Cancer Registry Reporting
240040,0015CHL24QZ8GAF,Epic Systems Corporation,Beacon Cancer Registry Reporting
240043,0015CVV17E9ZY7H,Epic Systems Corporation,Electronic Case Reporting
240044,0015CSX85TTX1E2,Cerner Corporation,HealtheAnalytics: Promoting Interoperability
240047,0015C7EC470VKK7,"Park Avenue Capital, LLC dba MaxMD",MaxMD Direct mdEmail®
240050,0015CHL24QZ8GAF,Epic Systems Corporation,Beacon Cancer Registry Reporting
240052,0015CHL24QZ8GAF,Epic Systems Corporation,Beacon Cancer Registry Reporting
240053,0015CWW3R9FPD02,Epic Systems Corporation,Beacon Cancer Registry Reporting
240056,0015CRT7Y4XJX42,Epic Systems Corporation,Beacon Cancer Registry Reporting
240057,0015CUE5T17SNJ9,Epic Systems Corporation,Beacon Cancer Registry Reporting
240064,0015CHL24QZ8GAF,Epic Systems Corporation,Beacon Cancer Registry Reporting
240066,0015CWW3R9FPD02,Epic Systems Corporation,Beacon Cancer Registry Reporting
240069,0015CUE5T17SNJ9,Epic Systems Corporation,Beacon Cancer Registry Reporting
240071,0015CUE5T17SNJ9,Epic Systems Corporation,Beacon Cancer Registry Reporting
240075,0015CRT7Y4XJX42,Epic Systems Corporation,Beacon Cancer Registry Reporting
240076,0015CUE5T17SNJ9,Epic Systems Corporation,Beacon Cancer Registry Reporting
240078,0015CHL24QZ8GAF,Epic Systems Corporation,Beacon Cancer Registry Reporting
240080,0015CHL24QZ8GAF,Epic Systems Corporation,Beacon Cancer Registry Reporting
240084,0015CRT7Y4XJX42,Epic Systems Corporation,Beacon Cancer Registry Reporting
240088,0015C5VF29ZXZ3P,"Surescripts, LLC",Surescripts Clinical Direct Messaging
240093,0015CVV17E9ZY7H,Epic Systems Corporation,Electronic Case Reporting
240100,0015CHL24QZ8GAF,Epic Systems Corporation,Beacon Cancer Registry Reporting
240101,0015CRT7Y4XJX42,Epic Systems Corporation,Beacon Cancer Registry Reporting
240104,0015CUE5T17SNJ9,Epic Systems Corporation,Beacon Cancer Registry Reporting
240106,0015CWW3R9FPD02,Epic Systems Corporation,Beacon Cancer Registry Reporting
240115,0015CUE5T17SNJ9,Epic Systems Corporation,Beacon Cancer Registry Reporting
240141,0015CHL24QZ8GAF,Epic Systems Corporation,Beacon Cancer Registry Reporting
240166,0015CVV17E9ZY7H,Epic Systems Corporation,Electronic Case Reporting
240187,0015CWW3R9FPD02,Epic Systems Corporation,Beacon Cancer Registry Reporting
240206,0015CWD0UCD0JJL,Indian Health Service,Resource and Patient Management System Electronic Health Record
240207,0015CHL24QZ8GAF,Epic Systems Corporation,Beacon Cancer Registry Reporting
240210,0015CHL24QZ8GAF,Epic Systems Corporation,Beacon Cancer Registry Reporting
240213,0015CHL24QZ8GAF,Epic Systems Corporation,Beacon Cancer Registry Reporting
240214,0015CRT7Y4XJX42,Epic Systems Corporation,Beacon Cancer Registry Reporting
241301,0015C4RL6KTR75G,Orion Health,Communicate
241302,0015CHL24QZ8GAF,Epic Systems Corporation,Beacon Cancer Registry Reporting
241303,0015CHL24QZ8GAF,Epic Systems Corporation,Beacon Cancer Registry Reporting
241304,0015CHL24QZ8GAF,Epic Systems Corporation,Beacon Cancer Registry Reporting
241305,0015CUE5T17SNJ9,Epic Systems Corporation,Beacon Cancer Registry Reporting
241306,0015CWW3R9FPD02,Epic Systems Corporation,Beacon Cancer Registry Reporting
241308,0015C7EC470VKK7,"Park Avenue Capital, LLC dba MaxMD",MaxMD Direct mdEmail®
241309,0015CRT7Y4XJX42,Epic Systems Corporation,Beacon Cancer Registry Reporting
241311,0015CRT7Y4XJX42,Epic Systems Corporation,Beacon Cancer Registry Reporting
241312,0015CWT07VP3BCF,"Park Avenue Capital, LLC dba MaxMD",MaxMD Direct mdEmail®
241313,0015CRT7Y4XJX42,Epic Systems Corporation,Beacon Cancer Registry Reporting
241314,0015CF9MEL05MFR,Epic Systems Corporation,Beaker Reportable Labs Reporting
241315,0015CHL24QZ8GAF,Epic Systems Corporation,Beacon Cancer Registry Reporting
241316,0015CE283Y1MF9K,"InterOperability Bidco, Inc., d.b.a. Rhapsody",Corepoint Integration Engine
241317,0015C78BJ5NTJ4D,"Park Avenue Capital, LLC dba MaxMD",MaxMD Direct mdEmail®
241318,nan,nan,
241319,0015CHL24QZ8GAF,Epic Systems Corporation,Beacon Cancer Registry Reporting
241320,0015CHL24QZ8GAF,Epic Systems Corporation,Beacon Cancer Registry Reporting
241321,0015CRT7Y4XJX42,Epic Systems Corporation,Beacon Cancer Registry Reporting
241322,0015CHL24QZ8GAF,Epic Systems Corporation,Beacon Cancer Registry Reporting
241323,nan,nan,
241325,0015C24D6HD4Y5V,"Surescripts, LLC",Surescripts Clinical Direct Messaging
241326,0015C5VF29ZXZ3P,"Surescripts, LLC",Surescripts Clinical Direct Messaging
241327,0015CA62SU22ES3,"InterOperability Bidco, Inc., d.b.a. Rhapsody",Corepoint Integration Engine
241328,0015CHL24QZ8GAF,Epic Systems Corporation,Beacon Cancer Registry Reporting
241329,0015CNE4K2S4QA9,Epic Systems Corporation,Electronic Case Reporting
241330,0015C5VF29ZXZ3P,"Surescripts, LLC",Surescripts Clinical Direct Messaging
241332,0015CHL24QZ8GAF,Epic Systems Corporation,Beacon Cancer Registry Reporting
241333,0015CVV17E9ZY7H,Epic Systems Corporation,Electronic Case Reporting
241334,0015CUE5T17SNJ9,Epic Systems Corporation,Beacon Cancer Registry Reporting
241335,0015CUU3SZK16E8,Epic Systems Corporation,EpicCare Ambulatory Base
241336,0015CHL24QZ8GAF,Epic Systems Corporation,Beacon Cancer Registry Reporting
241337,0015CD44ZFB3ZJS,Epic Systems Corporation,EpicCare Inpatient Base
241338,0015CVV17E9ZY7H,Epic Systems Corporation,Electronic Case Reporting
241339,0015CJ1HAB8N8YU,"Medical Information Technology, Inc. (MEDITECH)",MEDITECH Patient and Consumer Health Portal
241340,0015CRT7Y4XJX42,Epic Systems Corporation,Beacon Cancer Registry Reporting
241341,0015CTH9PJ00BP3,"Surescripts, LLC",Surescripts Clinical Direct Messaging
241342,0015CHL24QZ8GAF,Epic Systems Corporation,Beacon Cancer Registry Reporting
241343,0015CJ1HAB8N8YU,"Medical Information Technology, Inc. (MEDITECH)",MEDITECH Patient and Consumer Health Portal
241344,0015CD44ZFB3ZJS,Epic Systems Corporation,EpicCare Inpatient Base
241345,0015CVV17E9ZY7H,Epic Systems Corporation,Electronic Case Reporting
241346,0015CVV17E9ZY7H,Epic Systems Corporation,Electronic Case Reporting
241347,0015CHL24QZ8GAF,Epic Systems Corporation,Beacon Cancer Registry Reporting
241348,0015CJ1HAB8N8YU,"Medical Information Technology, Inc. (MEDITECH)",MEDITECH Patient and Consumer Health Portal
241349,0015C5VF29ZXZ3P,"Surescripts, LLC",Surescripts Clinical Direct Messaging
241350,0015CRT7Y4XJX42,Epic Systems Corporation,Beacon Cancer Registry Reporting
241351,0015C5VF29ZXZ3P,"Surescripts, LLC",Surescripts Clinical Direct Messaging
241353,0015CUE5T17SNJ9,Epic Systems Corporation,Beacon Cancer Registry Reporting
241354,0015CPP9UWM5S57,"Surescripts, LLC",Surescripts Clinical Direct Messaging
241355,0015CUE5T17SNJ9,Epic Systems Corporation,Beacon Cancer Registry Reporting
241356,0015CE4ZA0U9SDJ,DrFirst,Rcopia
241357,0015CRT7Y4XJX42,Epic Systems Corporation,Beacon Cancer Registry Reporting
241358,0015CWD0UCD0JJL,Indian Health Service,Resource and Patient Management System Electronic Health Record
241359,0015CJ1HAB8N8YU,"Medical Information Technology, Inc. (MEDITECH)",MEDITECH Patient and Consumer Health Portal
241360,0015CRT7Y4XJX42,Epic Systems Corporation,Beacon Cancer Registry Reporting
241361,0015CVV17E9ZY7H,Epic Systems Corporation,Electronic Case Reporting
241362,0015C5VF29ZXZ3P,"Surescripts, LLC",Surescripts Clinical Direct Messaging
241363,0015CZX5HRM3R6T,"Surescripts, LLC",Surescripts Clinical Direct Messaging
241364,0015CE283Y1MF9K,"InterOperability Bidco, Inc., d.b.a. Rhapsody",Corepoint Integration Engine
241365,0015C5VF29ZXZ3P,"Surescripts, LLC",Surescripts Clinical Direct Messaging
241366,0015C24D6HD4Y5V,"Surescripts, LLC",Surescripts Clinical Direct Messaging
241367,0015CUE5T17SNJ9,Epic Systems Corporation,Beacon Cancer Registry Reporting
241368,0015C5VF29ZXZ3P,"Surescripts, LLC",Surescripts Clinical Direct Messaging
241369,0015CHL24QZ8GAF,Epic Systems Corporation,Beacon Cancer Registry Reporting
241370,0015CK882NAC5FS,"Surescripts, LLC",Surescripts Clinical Direct Messaging
241371,0015CHL24QZ8GAF,Epic Systems Corporation,Beacon Cancer Registry Reporting
241372,0015CYK6PU0HZ5Z,"Surescripts, LLC",Surescripts Clinical Direct Messaging
241373,0015CHL24QZ8GAF,Epic Systems Corporation,Beacon Cancer Registry Reporting
241374,0015CJ1HAB8N8YU,"Medical Information Technology, Inc. (MEDITECH)",MEDITECH Patient and Consumer Health Portal
241375,0015CRT7Y4XJX42,Epic Systems Corporation,Beacon Cancer Registry Reporting
241376,0015CW40F8CZL04,DrFirst,Rcopia
241377,0015C4RL6KTR75G,Orion Health,Communicate
241378,0015CUE5T17SNJ9,Epic Systems Corporation,Beacon Cancer Registry Reporting
241379,0015CHL24QZ8GAF,Epic Systems Corporation,Beacon Cancer Registry Reporting
241380,0015C4RL6KTR75G,Orion Health,Communicate
241381,0015CHL24QZ8GAF,Epic Systems Corporation,Beacon Cancer Registry Reporting
243300,nan,nan,
243302,nan,nan,
250001,0015CTG5AGX4QGH,Epic Systems Corporation,Beacon Cancer Registry Reporting
250002,0015CRG0QJ69R7T,Veradigm,Veradigm FollowMyHealth®
250004,0015CRG0QJ69R7T,Veradigm,Veradigm FollowMyHealth®
250006,0015C5HKP92HQ7U,Epic Systems Corporation,EpicCare Inpatient Base
250007,0015CSU4PE5PV37,"InterOperability Bidco, Inc., d.b.a. Rhapsody",Rhapsody Integration Engine
250009,0015CXL7W1YU7MZ,"InterOperability Bidco, Inc., d.b.a. Rhapsody",Corepoint Integration Engine
250017,nan,nan,
250018,nan,nan,
250019,0015C9KK3N49QA2,Imprivata,FairWarning® Patient Privacy Monitoring
250020,0015CRG0QJ69R7T,Veradigm,Veradigm FollowMyHealth®
250025,0015CRG0QJ69R7T,Veradigm,Veradigm FollowMyHealth®
250027,0015CNS1HZ6UJH3,"athenahealth, Inc.",athenaClinicals
250031,0015CPE9ARQ008M,Imprivata,Imprivata FairWarning
250034,0015C5HKP92HQ7U,Epic Systems Corporation,EpicCare Inpatient Base
250036,0015CLW3TP556S4,MedAllies,MedAllies Direct Solutions™
250038,0015C3GJM19MA37,Imprivata,Imprivata FairWarning
250040,0015CZG73Q1K55X,Epic Systems Corporation,Beacon Cancer Registry Reporting
250042,nan,nan,
250043,0015C9SXP6BEN3Z,Cerner Corporation,Electronic Lab Results
250044,0015C5HKP92HQ7U,Epic Systems Corporation,EpicCare Inpatient Base
250048,0015CVE0NUW5RTT,Epic Systems Corporation,EpicCare Inpatient Base
250049,0015CXZ21PBQ54A,Azalea Health,ChartAccess ®
250050,0015CQ482NTZ8GG,Secure Exchange Solutions,SES Direct
250057,0015C946ANU9N81,MedAllies,MedAllies Direct Solutions™
250058,0015CAM1MLV2KZK,Cerner Corporation,Antimicrobial Usage and Resistance Reporting
250061,0015CQT7URF86HV,Persivia,Persivia Platform
250067,0015CRG0QJ69R7T,Veradigm,Veradigm FollowMyHealth®
250069,0015CVZ8NZE0N5M,Epic Systems Corporation,Beaker Reportable Labs Reporting
250072,0015C3GJM19MA37,Imprivata,Imprivata FairWarning
250077,0015CM5XCP8CDD0,Cerner Corporation,Electronic Case Reporting
250078,0015CYT94LS81XV,Epic Systems Corporation,Beacon Cancer Registry Reporting
250081,nan,nan,
250082,0015CAZ23YAH1DX,Secure Exchange Solutions,SES Direct
250084,0015CR8535UDY24,"InterOperability Bidco, Inc., d.b.a. Rhapsody",Rhapsody Integration Engine
250085,0015CYT94LS81XV,Epic Systems Corporation,Beacon Cancer Registry Reporting
250093,0015CSB0AXR5802,Secure Exchange Solutions,SES Direct
250094,0015CPE9ARQ008M,Imprivata,Imprivata FairWarning
250095,0015CW40F8CZL04,DrFirst,Rcopia
250096,0015CSU4PE5PV37,"InterOperability Bidco, Inc., d.b.a. Rhapsody",Rhapsody Integration Engine
250097,nan,nan,
250099,0015CRR1YR7RP21,Wellsky,WellSky Specialty Care
250100,0015C5HKP92HQ7U,Epic Systems Corporation,EpicCare Inpatient Base
250102,0015C5HKP92HQ7U,Epic Systems Corporation,EpicCare Inpatient Base
250104,0015CBS7H6JUF5Y,MedAllies,MedAllies Direct Solutions™
250117,0015CYT94LS81XV,Epic Systems Corporation,Beacon Cancer Registry Reporting
250123,0015CZG73Q1K55X,Epic Systems Corporation,Beacon Cancer Registry Reporting
250124,nan,nan,
250127,nan,nan,
250134,nan,nan,
250136,0015CSU4PE5PV37,"InterOperability Bidco, Inc., d.b.a. Rhapsody",Rhapsody Integration Engine
250138,0015CSU4PE5PV37,"InterOperability Bidco, Inc., d.b.a. Rhapsody",Rhapsody Integration Engine
250141,0015C5HKP92HQ7U,Epic Systems Corporation,EpicCare Inpatient Base
250151,nan,nan,
250152,nan,nan,
250162,0015CEA2XUM6B27,Epic Systems Corporation,EpicCare Inpatient Base
250167,0015C54G7L54DLK,Cerner Corporation,Antimicrobial Usage and Resistance Reporting
250168,0015CTG5AGX4QGH,Epic Systems Corporation,Beacon Cancer Registry Reporting
250172,0015CXZ21PBQ54A,Azalea Health,ChartAccess ®
251300,0015CFG3Q10HY2V,"Inpriva, Inc.",hDirect Network Services
251302,0015CFG3Q10HY2V,"Inpriva, Inc.",hDirect Network Services
251304,nan,nan,
251305,nan,nan,
251307,nan,nan,
251308,0015CRG0QJ69R7T,Veradigm,Veradigm FollowMyHealth®
251309,0015CFG3Q10HY2V,"Inpriva, Inc.",hDirect Network Services
251312,0015C80E18RAW4X,Cerner Corporation,Electronic Case Reporting
251313,0015C5HKP92HQ7U,Epic Systems Corporation,EpicCare Inpatient Base
251315,0015C5HKP92HQ7U,Epic Systems Corporation,EpicCare Inpatient Base
251316,0015CVZ8NZE0N5M,Epic Systems Corporation,Beaker Reportable Labs Reporting
251317,nan,nan,
251318,nan,nan,
251319,0015CTG5AGX4QGH,Epic Systems Corporation,Beacon Cancer Registry Reporting
251320,0015CP587BP0W9H,"Inpriva, Inc.",hDirect Network Services
251322,0015CVZ8NZE0N5M,Epic Systems Corporation,Beaker Reportable Labs Reporting
251323,0015CVZ8NZE0N5M,Epic Systems Corporation,Beaker Reportable Labs Reporting
251324,0015CYT94LS81XV,Epic Systems Corporation,Beacon Cancer Registry Reporting
251325,nan,nan,
251326,0015CYT94LS81XV,Epic Systems Corporation,Beacon Cancer Registry Reporting
251327,0015C9BQE79R6UR,DrFirst,Rcopia
251330,0015CFG3Q10HY2V,"Inpriva, Inc.",hDirect Network Services
251331,0015C5HKP92HQ7U,Epic Systems Corporation,EpicCare Inpatient Base
251333,0015CYT94LS81XV,Epic Systems Corporation,Beacon Cancer Registry Reporting
251334,0015CFG3Q10HY2V,"Inpriva, Inc.",hDirect Network Services
251335,0015CVZ8NZE0N5M,Epic Systems Corporation,Beaker Reportable Labs Reporting
251336,0015C5HKP92HQ7U,Epic Systems Corporation,EpicCare Inpatient Base
251337,0015CFG3Q10HY2V,"Inpriva, Inc.",hDirect Network Services
251338,nan,nan,
251339,nan,nan,
260001,0015C4J0ZKW5KKJ,Epic Systems Corporation,EpicCare Inpatient Base
260005,0015CVV5PFX9JXM,Epic Systems Corporation,Beaker Reportable Labs Reporting
260006,0015C3GKN8P5MDL,Epic Systems Corporation,Beaker Reportable Labs Reporting
260009,0015CWM0839WR27,Secure Exchange Solutions,SES Direct
260011,0015CVV5PFX9JXM,Epic Systems Corporation,Beaker Reportable Labs Reporting
260017,0015CS3KXY9T5X3,Epic Systems Corporation,Beaker Reportable Labs Reporting
260020,0015C4J0ZKW5KKJ,Epic Systems Corporation,EpicCare Inpatient Base
260022,0015CR8535UDY24,"InterOperability Bidco, Inc., d.b.a. Rhapsody",Rhapsody Integration Engine
260023,0015C4J0ZKW5KKJ,Epic Systems Corporation,EpicCare Inpatient Base
260024,0015CP587BP0W9H,"Inpriva, Inc.",hDirect Network Services
260025,0015CW4VMW3NMY3,Altera Digital Health Inc.,Sunrise Acute Care
260027,0015C622YQ4JDC3,"Surescripts, LLC",Surescripts Clinical Direct Messaging
260032,0015CSR29YY8MT4,Epic Systems Corporation,Beacon Cancer Registry Reporting
260034,0015CQK52LC975C,"athenahealth, Inc.",athenaClinicals
260040,0015CB5ZTM2ZN0V,Cerner Corporation,Antimicrobial Usage and Resistance Reporting
260048,0015C9CBD9EBR2A,Cerner Corporation,HealtheAnalytics: Promoting Interoperability
260050,0015C3GKN8P5MDL,Epic Systems Corporation,Beaker Reportable Labs Reporting
260052,0015C4J0ZKW5KKJ,Epic Systems Corporation,EpicCare Inpatient Base
260057,0015CFG3Q10HY2V,"Inpriva, Inc.",hDirect Network Services
260059,0015C4J0ZKW5KKJ,Epic Systems Corporation,EpicCare Inpatient Base
260061,nan,nan,
260062,0015C5KH60XEZ5W,Epic Systems Corporation,Beacon Cancer Registry Reporting
260065,0015C4J0ZKW5KKJ,Epic Systems Corporation,EpicCare Inpatient Base
260068,0015CV1YEG2HU5S,Secure Exchange Solutions,SES Direct
260070,0015CXZ21PBQ54A,Azalea Health,ChartAccess ®
260074,0015CR8535UDY24,"InterOperability Bidco, Inc., d.b.a. Rhapsody",Rhapsody Integration Engine
260077,0015C4J0ZKW5KKJ,Epic Systems Corporation,EpicCare Inpatient Base
260078,0015CE5359JZ98B,Secure Exchange Solutions,SES Direct
260081,0015CVV5PFX9JXM,Epic Systems Corporation,Beaker Reportable Labs Reporting
260085,0015C4H2WUK0S3A,Epic Systems Corporation,Beacon Cancer Registry Reporting
260091,0015CVV5PFX9JXM,Epic Systems Corporation,Beaker Reportable Labs Reporting
260094,0015CB5ZTM2ZN0V,Cerner Corporation,Antimicrobial Usage and Resistance Reporting
260095,0015C622YQ4JDC3,"Surescripts, LLC",Surescripts Clinical Direct Messaging
260096,0015CJW3X1NJZ7Z,Cerner Corporation,Antimicrobial Usage and Resistance Reporting
260097,0015C3K3YJ2CSK4,Cerner Corporation,Electronic Case Reporting
260102,0015C9CBD9EBR2A,Cerner Corporation,HealtheAnalytics: Promoting Interoperability
260104,0015CVV5PFX9JXM,Epic Systems Corporation,Beaker Reportable Labs Reporting
260105,0015CVV5PFX9JXM,Epic Systems Corporation,Beaker Reportable Labs Reporting
260108,0015CSR29YY8MT4,Epic Systems Corporation,Beacon Cancer Registry Reporting
260110,nan,nan,
260113,0015CQA5JMG26QY,Cerner Corporation,Antimicrobial Usage and Resistance Reporting
260119,0015C3GJM19MA37,Imprivata,Imprivata FairWarning
260137,0015CZJ4TP8YPK7,DrFirst,Rcopia
260138,0015C5KH60XEZ5W,Epic Systems Corporation,Beacon Cancer Registry Reporting
260141,0015CR57X8E35TY,Cerner Corporation,Antimicrobial Usage and Resistance Reporting
260142,0015C4DPR23A8VK,Cerner Corporation,Antimicrobial Usage and Resistance Reporting
260160,0015CFG3Q10HY2V,"Inpriva, Inc.",hDirect Network Services
260162,0015CSR29YY8MT4,Epic Systems Corporation,Beacon Cancer Registry Reporting
260163,0015CSR29YY8MT4,Epic Systems Corporation,Beacon Cancer Registry Reporting
260175,0015CB7FDV610F5,Secure Exchange Solutions,SES Direct
260176,0015C730324XQN0,Cerner Corporation,HealtheAnalytics: Promoting Interoperability
260177,0015CW4VMW3NMY3,Altera Digital Health Inc.,Sunrise Acute Care
260179,0015C730324XQN0,Cerner Corporation,HealtheAnalytics: Promoting Interoperability
260180,0015CSR29YY8MT4,Epic Systems Corporation,Beacon Cancer Registry Reporting
260183,0015C72L3UBY0KL,Epic Systems Corporation,Beacon Cancer Registry Reporting
260186,0015CJR3JNA05RM,Secure Exchange Solutions,SES Direct
260190,0015C622YQ4JDC3,"Surescripts, LLC",Surescripts Clinical Direct Messaging
260191,0015CSR29YY8MT4,Epic Systems Corporation,Beacon Cancer Registry Reporting
260193,0015C4H2WUK0S3A,Epic Systems Corporation,Beacon Cancer Registry Reporting
260195,nan,nan,
260200,0015CVV5PFX9JXM,Epic Systems Corporation,Beaker Reportable Labs Reporting
260210,nan,nan,
260214,0015C622YQ4JDC3,"Surescripts, LLC",Surescripts Clinical Direct Messaging
260216,0015C5KH60XEZ5W,Epic Systems Corporation,Beacon Cancer Registry Reporting
260219,0015CSR29YY8MT4,Epic Systems Corporation,Beacon Cancer Registry Reporting
261301,0015C47EGD92VSJ,Secure Exchange Solutions,SES Direct
261302,0015CFG3Q10HY2V,"Inpriva, Inc.",hDirect Network Services
261303,0015CP587BP0W9H,"Inpriva, Inc.",hDirect Network Services
261305,0015CFG3Q10HY2V,"Inpriva, Inc.",hDirect Network Services
261306,nan,nan,
261307,0015C80E18RAW4X,Cerner Corporation,Electronic Case Reporting
261308,0015CFG3Q10HY2V,"Inpriva, Inc.",hDirect Network Services
261309,0015C5KH60XEZ5W,Epic Systems Corporation,Beacon Cancer Registry Reporting
261310,0015C1L7Q92AZY8,Secure Exchange Solutions,SES Direct
261311,0015C4J0ZKW5KKJ,Epic Systems Corporation,EpicCare Inpatient Base
261312,0015CC8CLF71AFN,EMR Direct,Interoperability Engine
261313,0015CQZ3GL3N8TR,"Premier Healthcare Solutions, Inc.",eCQM Calculator
261314,0015CTG6K0EW7TC,Cerner Corporation,Electronic Case Reporting
261316,0015C4J0ZKW5KKJ,Epic Systems Corporation,EpicCare Inpatient Base
261317,0015C4J0ZKW5KKJ,Epic Systems Corporation,EpicCare Inpatient Base
261318,0015CFG3Q10HY2V,"Inpriva, Inc.",hDirect Network Services
261319,0015C4J0ZKW5KKJ,Epic Systems Corporation,EpicCare Inpatient Base
261320,0015CGT6L6MEQ2C,"Surescripts, LLC",Surescripts Clinical Direct Messaging
261321,0015C5KH60XEZ5W,Epic Systems Corporation,Beacon Cancer Registry Reporting
261322,0015C80E18RAW4X,Cerner Corporation,Electronic Case Reporting
261323,0015CAC2QP42A2Z,Secure Exchange Solutions,SES Direct
261324,0015CJT1M7DYU22,"Surescripts, LLC",Surescripts Clinical Direct Messaging
261325,0015CB5ZTM2ZN0V,Cerner Corporation,Antimicrobial Usage and Resistance Reporting
261327,0015CFG3Q10HY2V,"Inpriva, Inc.",hDirect Network Services
261328,0015C3GKN8P5MDL,Epic Systems Corporation,Beaker Reportable Labs Reporting
261329,0015CB5ZTM2ZN0V,Cerner Corporation,Antimicrobial Usage and Resistance Reporting
261330,0015C1L7Q92AZY8,Secure Exchange Solutions,SES Direct
261331,0015CZJ4TP8YPK7,DrFirst,Rcopia
261332,0015CQA5JMG26QY,Cerner Corporation,Antimicrobial Usage and Resistance Reporting
261333,nan,nan,
261335,0015C4J0ZKW5KKJ,Epic Systems Corporation,EpicCare Inpatient Base
261336,0015CT0PPT32RH0,Persivia,Persivia Platform
261337,0015CSR29YY8MT4,Epic Systems Corporation,Beacon Cancer Registry Reporting
261338,0015C4J0ZKW5KKJ,Epic Systems Corporation,EpicCare Inpatient Base
263301,nan,nan,
263302,nan,nan,
263303,nan,nan,
263304,nan,nan,
270003,0015CWS8EUV6XHF,Epic Systems Corporation,EpicCare Inpatient Base
270004,0015CG9EYN4SXX0,Cerner Corporation,Electronic Case Reporting
270012,0015C2753P65N19,"InterOperability Bidco, Inc., d.b.a. Rhapsody",Rhapsody Integration Engine
270014,0015CCE123S5WK4,Epic Systems Corporation,Beaker Reportable Labs Reporting
270017,0015C0DCY0BK7AU,Epic Systems Corporation,Beacon Cancer Registry Reporting
270023,0015CP4NAF4ML2B,Cerner Corporation,Electronic Case Reporting
270049,0015C0DCY0BK7AU,Epic Systems Corporation,Beacon Cancer Registry Reporting
270051,0015C0DJJ55XD0U,Secure Exchange Solutions,SES Direct
270057,0015CUE5T17SNJ9,Epic Systems Corporation,Beacon Cancer Registry Reporting
270074,0015CWD0UCD0JJL,Indian Health Service,Resource and Patient Management System Electronic Health Record
270086,0015C8HNN4WR9PR,MedAllies,MedAllies Direct Solutions™
271300,0015CG9EYN4SXX0,Cerner Corporation,Electronic Case Reporting
271301,0015CFG3Q10HY2V,"Inpriva, Inc.",hDirect Network Services
271302,nan,nan,
271303,0015CT0PPT32RH0,Persivia,Persivia Platform
271304,0015CGN6DP8QY1W,"Inpriva, Inc.",hDirect Network Services
271305,nan,nan,
271306,0015CH5DS4HFT97,Imprivata,FairWarning® Patient Privacy Monitoring
271307,0015CGN6DP8QY1W,"Inpriva, Inc.",hDirect Network Services
271308,0015CT0PPT32RH0,Persivia,Persivia Platform
271309,0015CT0PPT32RH0,Persivia,Persivia Platform
271310,nan,nan,
271311,0015CFG3Q10HY2V,"Inpriva, Inc.",hDirect Network Services
271312,nan,nan,
271313,0015CG9EYN4SXX0,Cerner Corporation,Electronic Case Reporting
271314,0015CJU5X1C7HGD,Epic Systems Corporation,Beacon Cancer Registry Reporting
271315,nan,nan,
271316,0015C9QX76NBY85,Secure Exchange Solutions,SES Direct
271317,0015CG9EYN4SXX0,Cerner Corporation,Electronic Case Reporting
271318,0015CB9V9W9YEM4,Epic Systems Corporation,Beaker Reportable Labs Reporting
271319,nan,nan,
271320,0015CE4YZR01UWW,Secure Exchange Solutions,SES Direct
271321,0015CG9EYN4SXX0,Cerner Corporation,Electronic Case Reporting
271322,0015CG9EYN4SXX0,Cerner Corporation,Electronic Case Reporting
271323,nan,nan,
271324,0015C207YWJ8RFL,"Inpriva, Inc.",hDirect Network Services
271325,0015C9QX76NBY85,Secure Exchange Solutions,SES Direct
271326,0015CG9EYN4SXX0,Cerner Corporation,Electronic Case Reporting
271327,nan,nan,
271328,0015CE4ZXJ0FKT5,Secure Exchange Solutions,SES Direct
271329,0015C80E18RAW4X,Cerner Corporation,Electronic Case Reporting
271330,0015CX4A8GNV85Z,Cerner Corporation,Electronic Case Reporting
271331,nan,nan,
271332,0015CG9EYN4SXX0,Cerner Corporation,Electronic Case Reporting
271333,0015CG9EYN4SXX0,Cerner Corporation,Electronic Case Reporting
271334,0015CHG9YXH7S72,DrFirst,Rcopia
271335,0015CQM6H3EBD83,Epic Systems Corporation,Beacon Cancer Registry Reporting
271336,0015CE4ZXJ0FKT5,Secure Exchange Solutions,SES Direct
271337,0015CFG3Q10HY2V,"Inpriva, Inc.",hDirect Network Services
271338,0015CG9EYN4SXX0,Cerner Corporation,Electronic Case Reporting
271339,nan,nan,
271340,0015CDW1E3QHM64,Cerner Corporation,HealthSentry
271341,0015CG9EYN4SXX0,Cerner Corporation,Electronic Case Reporting
271342,0015CG9EYN4SXX0,Cerner Corporation,Electronic Case Reporting
271343,0015CCE123S5WK4,Epic Systems Corporation,Beaker Reportable Labs Reporting
271344,0015CHL24QZ8GAF,Epic Systems Corporation,Beacon Cancer Registry Reporting
271345,0015CG9EYN4SXX0,Cerner Corporation,Electronic Case Reporting
271346,0015CG9EYN4SXX0,Cerner Corporation,Electronic Case Reporting
271347,0015C0DCY0BK7AU,Epic Systems Corporation,Beacon Cancer Registry Reporting
271348,0015C48XG68LUH7,DrFirst,Rcopia
271389,0015CUE5T17SNJ9,Epic Systems Corporation,Beacon Cancer Registry Reporting
280003,0015C257B7545Y1,Epic Systems Corporation,Beacon Cancer Registry Reporting
280009,0015C3DSF0V5SL5,Cerner Corporation,HealthSentry
280013,0015C8K4U8L9RX8,Epic Systems Corporation,Beacon Cancer Registry Reporting
280020,0015C3DSF0V5SL5,Cerner Corporation,HealthSentry
280023,0015C3DSF0V5SL5,Cerner Corporation,HealthSentry
280032,0015CA87868LJL6,Epic Systems Corporation,Electronic Case Reporting
280040,0015C5LFV335W0K,Cerner Corporation,Electronic Case Reporting
280059,nan,nan,
280060,0015C3DSF0V5SL5,Cerner Corporation,HealthSentry
280061,0015CRR6L8RW9M3,Cerner Corporation,Antimicrobial Usage and Resistance Reporting
280065,0015CD44ZFB3ZJS,Epic Systems Corporation,EpicCare Inpatient Base
280077,0015C5LFV335W0K,Cerner Corporation,Electronic Case Reporting
280081,0015C3DSF0V5SL5,Cerner Corporation,HealthSentry
280105,0015C3DSF0V5SL5,Cerner Corporation,HealthSentry
280111,0015CF06WG49A9W,"Clinisys, Inc.",Sunquest Laboratory
280125,0015C6UFD23Y6VA,Epic Systems Corporation,EpicCare Inpatient Base
280127,0015CT0CD7PUP6L,Secure Exchange Solutions,SES Direct
280128,0015C3DSF0V5SL5,Cerner Corporation,HealthSentry
280129,0015CDQ5R8EQP9F,Cerner Corporation,Millennium (CQMs)
280130,0015C3DSF0V5SL5,Cerner Corporation,HealthSentry
280131,0015CKY42QXH820,Cerner Corporation,Electronic Case Reporting
280132,0015C8K4U8L9RX8,Epic Systems Corporation,Beacon Cancer Registry Reporting
280133,0015C3DSF0V5SL5,Cerner Corporation,HealthSentry
280134,0015C4RWR040K1C,Secure Exchange Solutions,SES Direct
280139,0015C257B7545Y1,Epic Systems Corporation,Beacon Cancer Registry Reporting
281300,0015CXR553YG9R3,MedAllies,MedAllies Direct Solutions™
281301,0015CDA13YNK8F1,Cerner Corporation,Electronic Case Reporting
281302,nan,nan,
281303,0015CW40F8CZL04,DrFirst,Rcopia
281304,0015CDA13YNK8F1,Cerner Corporation,Electronic Case Reporting
281305,0015C7URE9RTG1U,"Inpriva, Inc.",hDirect Network Services
281306,0015C80E18RAW4X,Cerner Corporation,Electronic Case Reporting
281307,0015CH81LEV4Y0C,Cerner Corporation,Antimicrobial Usage and Resistance Reporting
281308,0015CW40F8CZL04,DrFirst,Rcopia
281309,0015C6KNL4KA1RT,Cerner Corporation,Electronic Case Reporting
281310,nan,nan,
281311,0015CFG3Q10HY2V,"Inpriva, Inc.",hDirect Network Services
281312,0015CT0PPT32RH0,Persivia,Persivia Platform
281313,0015C653E6J0GQN,Cerner Corporation,Electronic Case Reporting
281314,nan,nan,
281315,0015CTG6K0EW7TC,Cerner Corporation,Electronic Case Reporting
281316,nan,nan,
281318,nan,nan,
281319,0015C653E6J0GQN,Cerner Corporation,Electronic Case Reporting
281320,0015CDA13YNK8F1,Cerner Corporation,Electronic Case Reporting
281322,0015C80E18RAW4X,Cerner Corporation,Electronic Case Reporting
281323,0015C3DSF0V5SL5,Cerner Corporation,HealthSentry
281324,0015CFG3Q10HY2V,"Inpriva, Inc.",hDirect Network Services
281325,0015CMJ8XDN1QN9,Cerner Corporation,Electronic Case Reporting
281326,0015C8CHE73ABS5,Secure Exchange Solutions,SES Direct
281327,0015CFG3Q10HY2V,"Inpriva, Inc.",hDirect Network Services
281328,0015C257B7545Y1,Epic Systems Corporation,Beacon Cancer Registry Reporting
281329,0015CJ1HAB8N8YU,"Medical Information Technology, Inc. (MEDITECH)",MEDITECH Patient and Consumer Health Portal
281331,0015CJ1HAB8N8YU,"Medical Information Technology, Inc. (MEDITECH)",MEDITECH Patient and Consumer Health Portal
281332,0015C80E18RAW4X,Cerner Corporation,Electronic Case Reporting
281333,0015C80E18RAW4X,Cerner Corporation,Electronic Case Reporting
281334,0015C4DPR23A8VK,Cerner Corporation,Antimicrobial Usage and Resistance Reporting
281335,nan,nan,
281336,0015CK3MKQ1BP7X,"Premier Healthcare Solutions, Inc.",eCQM Calculator
281338,0015CGS1LVL3EFS,Secure Exchange Solutions,SES Direct
281339,0015CYA14RBW38Q,MedAllies,MedAllies Direct Solutions™
281340,nan,nan,
281341,0015CJB1RLC57RM,Cerner Corporation,Electronic Case Reporting
281342,0015C3DSF0V5SL5,Cerner Corporation,HealthSentry
281343,0015CFG3Q10HY2V,"Inpriva, Inc.",hDirect Network Services
281344,nan,nan,
281345,0015CP4LYG26BQE,Cerner Corporation,HealthSentry
281346,0015C3DSF0V5SL5,Cerner Corporation,HealthSentry
281347,0015CLT8S0A3MT6,Cerner Corporation,Electronic Case Reporting
281348,0015CHB1ZYA2LPW,Secure Exchange Solutions,SES Direct
281349,0015C7Y7J3YXV5E,Secure Exchange Solutions,SES Direct
281350,0015C7G9EJT78H8,Cerner Corporation,Antimicrobial Usage and Resistance Reporting
281351,0015CER158R54SG,Cerner Corporation,Electronic Case Reporting
281352,0015CE804SSP8LE,MedAllies,MedAllies Direct Solutions™
281353,0015CK3MKQ1BP7X,"Premier Healthcare Solutions, Inc.",eCQM Calculator
281354,0015C257B7545Y1,Epic Systems Corporation,Beacon Cancer Registry Reporting
281355,0015CWG9E12DJH8,Imprivata,Imprivata FairWarning
281356,0015C7URE9RTG1U,"Inpriva, Inc.",hDirect Network Services
281357,nan,nan,
281358,0015CFG3Q10HY2V,"Inpriva, Inc.",hDirect Network Services
281359,0015C3DSF0V5SL5,Cerner Corporation,HealthSentry
281360,0015CM90HLR5SYA,Updox,Updox
281361,0015C80E18RAW4X,Cerner Corporation,Electronic Case Reporting
281362,0015CBA9UMH7B52,MedAllies,MedAllies Direct Solutions™
281363,0015CK3MKQ1BP7X,"Premier Healthcare Solutions, Inc.",eCQM Calculator
281364,0015C673AWF23M8,Epic Systems Corporation,Electronic Case Reporting
281365,nan,nan,
283300,nan,nan,
283301,nan,nan,
290001,0015CWW3R9FPD02,Epic Systems Corporation,Beacon Cancer Registry Reporting
290003,0015C622YQ4JDC3,"Surescripts, LLC",Surescripts Clinical Direct Messaging
290005,0015C4H2WUK0S3A,Epic Systems Corporation,Beacon Cancer Registry Reporting
290007,0015C4H2WUK0S3A,Epic Systems Corporation,Beacon Cancer Registry Reporting
290008,0015C8CHE73ABS5,Secure Exchange Solutions,SES Direct
290009,0015C4H2WUK0S3A,Epic Systems Corporation,Beacon Cancer Registry Reporting
290012,0015C2FVF76YBY1,Cerner Corporation,Electronic Case Reporting
290019,0015CYT94LS81XV,Epic Systems Corporation,Beacon Cancer Registry Reporting
290021,0015CQC4AND9RQT,Cerner Corporation,Antimicrobial Usage and Resistance Reporting
290032,0015CQC4AND9RQT,Cerner Corporation,Antimicrobial Usage and Resistance Reporting
290039,0015C622YQ4JDC3,"Surescripts, LLC",Surescripts Clinical Direct Messaging
290041,0015CQC4AND9RQT,Cerner Corporation,Antimicrobial Usage and Resistance Reporting
290042,nan,nan,
290045,0015C2FVF76YBY1,Cerner Corporation,Electronic Case Reporting
290046,0015CQC4AND9RQT,Cerner Corporation,Antimicrobial Usage and Resistance Reporting
290047,0015C622YQ4JDC3,"Surescripts, LLC",Surescripts Clinical Direct Messaging
290049,0015CWW3R9FPD02,Epic Systems Corporation,Beacon Cancer Registry Reporting
290053,0015C2FVF76YBY1,Cerner Corporation,Electronic Case Reporting
290054,0015CQC4AND9RQT,Cerner Corporation,Antimicrobial Usage and Resistance Reporting
290057,0015CQC4AND9RQT,Cerner Corporation,Antimicrobial Usage and Resistance Reporting
290058,0015C2FVF76YBY1,Cerner Corporation,Electronic Case Reporting
290061,0015CQC4AND9RQT,Cerner Corporation,Antimicrobial Usage and Resistance Reporting
291300,0015CT0PPT32RH0,Persivia,Persivia Platform
291301,0015C4813GJT60L,Epic Systems Corporation,EpicCare Ambulatory Base
291302,0015CK1S79HA9N2,Secure Exchange Solutions,SES Direct
291303,nan,nan,
291304,nan,nan,
291306,0015CWW3R9FPD02,Epic Systems Corporation,Beacon Cancer Registry Reporting
291307,0015C8CHE73ABS5,Secure Exchange Solutions,SES Direct
291308,0015C6SVL2ULT2K,Cerner Corporation,Electronic Case Reporting
291309,0015CQA5JMG26QY,Cerner Corporation,Antimicrobial Usage and Resistance Reporting
291311,nan,nan,
291312,nan,nan,
291313,0015CWG9E12DJH8,Imprivata,Imprivata FairWarning
291314,nan,nan,
300001,0015CSE5WR13EFM,Becton Dickinson and Company,HealthSight Advisors
300003,0015CPM567X5SJG,Epic Systems Corporation,Electronic Case Reporting
300005,0015CSE5WR13EFM,Becton Dickinson and Company,HealthSight Advisors
300011,0015C4J0ZKW5KKJ,Epic Systems Corporation,EpicCare Inpatient Base
300012,0015C6KLF20L9QH,Epic Systems Corporation,Beaker Reportable Labs Reporting
300014,0015CVG84UXG527,"Surescripts, LLC",Surescripts Clinical Direct Messaging
300017,0015CVG84UXG527,"Surescripts, LLC",Surescripts Clinical Direct Messaging
300018,0015C9C70ZC87RM,Epic Systems Corporation,Beacon Cancer Registry Reporting
300019,0015CPM567X5SJG,Epic Systems Corporation,Electronic Case Reporting
30002,0015CWG9E12DJH8,Imprivata,Imprivata FairWarning
300020,0015C24AJB1U9RU,Epic Systems Corporation,Beacon Cancer Registry Reporting
300023,0015CJN3GDZ9GJE,Secure Exchange Solutions,SES Direct
300029,0015CVG84UXG527,"Surescripts, LLC",Surescripts Clinical Direct Messaging
300034,0015CG8HB6AJX7E,Altera Digital Health Inc.,Sunrise Acute Care for Hospital-based Providers
30006,0015CRN2VX5J03M,Epic Systems Corporation,Beaker Reportable Labs Reporting
30007,0015C7EXC2HYX3X,Cerner Corporation,Electronic Case Reporting
30010,0015CPS61Z1JW9R,Cerner Corporation,Electronic Case Reporting
30011,0015CPS61Z1JW9R,Cerner Corporation,Electronic Case Reporting
30012,0015CG9EYN4SXX0,Cerner Corporation,Electronic Case Reporting
30013,0015C8XCN16R6V5,Epic Systems Corporation,Beacon Cancer Registry Reporting
30014,0015C0AWU30GFF9,Epic Systems Corporation,Beaker Reportable Labs Reporting
30016,0015CWG9E12DJH8,Imprivata,Imprivata FairWarning
30022,nan,nan,
30023,0015C7EXC2HYX3X,Cerner Corporation,Electronic Case Reporting
30024,0015C2FVF76YBY1,Cerner Corporation,Electronic Case Reporting
30030,0015CLT8S0A3MT6,Cerner Corporation,Electronic Case Reporting
30036,0015C2FVF76YBY1,Cerner Corporation,Electronic Case Reporting
30037,0015C28CYJ5LLF4,"DataMotion, Inc.",DataMotion Direct
30038,0015C0AWU30GFF9,Epic Systems Corporation,Beaker Reportable Labs Reporting
30043,0015CQC4AND9RQT,Cerner Corporation,Antimicrobial Usage and Resistance Reporting
30055,0015C5DAR6S83CP,"Park Avenue Capital, LLC dba MaxMD",MaxMD Direct mdEmail®
30061,0015CWG9E12DJH8,Imprivata,Imprivata FairWarning
30062,0015CW4VMW3NMY3,Altera Digital Health Inc.,Sunrise Acute Care
30064,0015CWG9E12DJH8,Imprivata,Imprivata FairWarning
30065,0015CWG9E12DJH8,Imprivata,Imprivata FairWarning
30069,0015CD30BJE5K3L,Secure Exchange Solutions,SES Direct
30071,0015CWD0UCD0JJL,Indian Health Service,Resource and Patient Management System Electronic Health Record
30073,0015CF2C9MW8EHH,Altera Digital Health Inc.,Sunrise Acute Care
30074,nan,nan,
30078,nan,nan,
30083,0015CLT8S0A3MT6,Cerner Corporation,Electronic Case Reporting
30084,0015CWD0UCD0JJL,Indian Health Service,Resource and Patient Management System Electronic Health Record
30085,0015CPE9ARQ008M,Imprivata,Imprivata FairWarning
30087,0015C0AWU30GFF9,Epic Systems Corporation,Beaker Reportable Labs Reporting
30088,0015CWG9E12DJH8,Imprivata,Imprivata FairWarning
30089,0015CWG9E12DJH8,Imprivata,Imprivata FairWarning
30092,0015C0AWU30GFF9,Epic Systems Corporation,Beaker Reportable Labs Reporting
30093,0015CWG9E12DJH8,Imprivata,Imprivata FairWarning
30094,0015CLT8S0A3MT6,Cerner Corporation,Electronic Case Reporting
30101,0015CR8535UDY24,"InterOperability Bidco, Inc., d.b.a. Rhapsody",Rhapsody Integration Engine
30103,0015CVV17E9ZY7H,Epic Systems Corporation,Electronic Case Reporting
30105,0015CWG9E12DJH8,Imprivata,Imprivata FairWarning
30107,0015C40C0YCP4T4,MedAllies,MedAllies Direct Solutions™
30108,0015CFG3Q10HY2V,"Inpriva, Inc.",hDirect Network Services
30110,0015CLT8S0A3MT6,Cerner Corporation,Electronic Case Reporting
30111,0015CWG9E12DJH8,Imprivata,Imprivata FairWarning
30112,0015C80E18RAW4X,Cerner Corporation,Electronic Case Reporting
30113,0015CWD0UCD0JJL,Indian Health Service,Resource and Patient Management System Electronic Health Record
30114,0015CPE9ARQ008M,Imprivata,Imprivata FairWarning
30115,0015CWG9E12DJH8,Imprivata,Imprivata FairWarning
30117,0015CD30BJE5K3L,Secure Exchange Solutions,SES Direct
30119,0015C2FVF76YBY1,Cerner Corporation,Electronic Case Reporting
30121,0015C28CYJ5LLF4,"DataMotion, Inc.",DataMotion Direct
30122,0015CWG9E12DJH8,Imprivata,Imprivata FairWarning
30123,0015C0AWU30GFF9,Epic Systems Corporation,Beaker Reportable Labs Reporting
30130,0015CWG9E12DJH8,Imprivata,Imprivata FairWarning
301300,0015CXL9WFD3CH2,Secure Exchange Solutions,SES Direct
301301,0015CP4T80A6A4W,Persivia,Persivia Platform
301302,0015CMJ8XDN1QN9,Cerner Corporation,Electronic Case Reporting
301303,0015C71MN774UQU,Secure Exchange Solutions,SES Direct
301304,0015CPM567X5SJG,Epic Systems Corporation,Electronic Case Reporting
301305,0015CPM567X5SJG,Epic Systems Corporation,Electronic Case Reporting
301306,0015CSE5WR13EFM,Becton Dickinson and Company,HealthSight Advisors
301307,0015CKC5HA5F51T,Epic Systems Corporation,Beacon Cancer Registry Reporting
301308,0015CY9N5RK82FA,Secure Exchange Solutions,SES Direct
301309,0015CK3MKQ1BP7X,"Premier Healthcare Solutions, Inc.",eCQM Calculator
30131,0015CD0JYV8VZG4,Secure Exchange Solutions,SES Direct
301310,0015CXL9WFD3CH2,Secure Exchange Solutions,SES Direct
301311,0015CXC2TAA3AS3,Secure Exchange Solutions,SES Direct
301312,0015CFG3Q10HY2V,"Inpriva, Inc.",hDirect Network Services
30134,0015CWG9E12DJH8,Imprivata,Imprivata FairWarning
30136,0015C2FVF76YBY1,Cerner Corporation,Electronic Case Reporting
30138,nan,nan,
30139,0015C2FVF76YBY1,Cerner Corporation,Electronic Case Reporting
30146,0015C0AWU30GFF9,Epic Systems Corporation,Beaker Reportable Labs Reporting
30147,0015CWG9E12DJH8,Imprivata,Imprivata FairWarning
30148,0015CPE9ARQ008M,Imprivata,Imprivata FairWarning
30152,nan,nan,
30153,nan,nan,
30154,nan,nan,
30155,nan,nan,
310001,0015CMT1J4FC281,Epic Systems Corporation,Beacon Cancer Registry Reporting
310002,0015CF5T411AFA0,Cerner Corporation,Electronic Case Reporting
310003,0015CMT1J4FC281,Epic Systems Corporation,Beacon Cancer Registry Reporting
310005,nan,nan,
310006,0015C4H2WUK0S3A,Epic Systems Corporation,Beacon Cancer Registry Reporting
310008,0015CHT8XER4808,"Dynamic Health IT, Inc",ConnectEHR +BulkFHIR
310009,0015CF5T411AFA0,Cerner Corporation,Electronic Case Reporting
310010,0015C2CST3XC8M3,Epic Systems Corporation,EpicCare Inpatient Base
310011,0015C9G3FJ5CAW5,Cerner Corporation,Soarian Clinicals
310012,0015CQZ6TP3UNJ4,"Park Avenue Capital, LLC dba MaxMD",MaxMD Direct mdEmail®
310014,0015C4J0ZKW5KKJ,Epic Systems Corporation,EpicCare Inpatient Base
310015,0015CD44ZFB3ZJS,Epic Systems Corporation,EpicCare Inpatient Base
310016,0015CZB5H183CJG,"Park Avenue Capital, LLC dba MaxMD",MaxMD Direct mdEmail®
310017,0015CD44ZFB3ZJS,Epic Systems Corporation,EpicCare Inpatient Base
310019,0015CXT5F9VF8YA,Cerner Corporation,Electronic Case Reporting
310022,0015C5XR0DRE6JH,Epic Systems Corporation,Beacon Cancer Registry Reporting
310024,0015CAT64R4633W,Epic Systems Corporation,Beaker Reportable Labs Reporting
310025,0015CZB5H183CJG,"Park Avenue Capital, LLC dba MaxMD",MaxMD Direct mdEmail®
310027,nan,nan,
310028,0015CD44ZFB3ZJS,Epic Systems Corporation,EpicCare Inpatient Base
310029,0015C5XR0DRE6JH,Epic Systems Corporation,Beacon Cancer Registry Reporting
310031,0015C74RVV5EQW2,Becton Dickinson and Company,HealthSight Advisors
310032,0015CP0A87E25HC,Cerner Corporation,Antimicrobial Usage and Resistance Reporting
310034,0015CMT1J4FC281,Epic Systems Corporation,Beacon Cancer Registry Reporting
310038,0015CAT64R4633W,Epic Systems Corporation,Beaker Reportable Labs Reporting
310039,0015CMT1J4FC281,Epic Systems Corporation,Beacon Cancer Registry Reporting
310040,0015CZB5H183CJG,"Park Avenue Capital, LLC dba MaxMD",MaxMD Direct mdEmail®
310041,0015CAT64R4633W,Epic Systems Corporation,Beaker Reportable Labs Reporting
310044,0015C6XY221XLU7,Cerner Corporation,Electronic Case Reporting
310045,0015CHL24QZ8GAF,Epic Systems Corporation,Beacon Cancer Registry Reporting
310047,0015CAN6Y55AZD1,Cerner Corporation,Antimicrobial Usage and Resistance Reporting
310048,0015CAT64R4633W,Epic Systems Corporation,Beaker Reportable Labs Reporting
310050,0015C4H2WUK0S3A,Epic Systems Corporation,Beacon Cancer Registry Reporting
310051,0015CD44ZFB3ZJS,Epic Systems Corporation,EpicCare Inpatient Base
310052,0015CMT1J4FC281,Epic Systems Corporation,Beacon Cancer Registry Reporting
310054,0015C4J0ZKW5KKJ,Epic Systems Corporation,EpicCare Inpatient Base
310057,0015C5XR0DRE6JH,Epic Systems Corporation,Beacon Cancer Registry Reporting
310058,0015CS18FZ27698,"Medisolv, Inc.",ENCOR-e
310060,0015CU4K22JVL8J,Epic Systems Corporation,Beacon Cancer Registry Reporting
310061,0015C5XR0DRE6JH,Epic Systems Corporation,Beacon Cancer Registry Reporting
310064,0015C5E0FR58ARG,Cerner Corporation,Electronic Case Reporting
310069,0015C8BHF575YAL,Cerner Corporation,Antimicrobial Usage and Resistance Reporting
310070,0015CK3MKQ1BP7X,"Premier Healthcare Solutions, Inc.",eCQM Calculator
310073,0015CMT1J4FC281,Epic Systems Corporation,Beacon Cancer Registry Reporting
310074,0015CAT64R4633W,Epic Systems Corporation,Beaker Reportable Labs Reporting
310075,0015CAT64R4633W,Epic Systems Corporation,Beaker Reportable Labs Reporting
310076,0015CF5T411AFA0,Cerner Corporation,Electronic Case Reporting
310083,0015C80E18RAW4X,Cerner Corporation,Electronic Case Reporting
310084,0015CAT64R4633W,Epic Systems Corporation,Beaker Reportable Labs Reporting
310086,0015CYT94LS81XV,Epic Systems Corporation,Beacon Cancer Registry Reporting
310092,0015C6XY221XLU7,Cerner Corporation,Electronic Case Reporting
310096,0015C4H2WUK0S3A,Epic Systems Corporation,Beacon Cancer Registry Reporting
310108,0015CMT1J4FC281,Epic Systems Corporation,Beacon Cancer Registry Reporting
310110,0015CAT64R4633W,Epic Systems Corporation,Beaker Reportable Labs Reporting
310111,0015CD44ZFB3ZJS,Epic Systems Corporation,EpicCare Inpatient Base
310112,0015CMT1J4FC281,Epic Systems Corporation,Beacon Cancer Registry Reporting
310113,0015CMT1J4FC281,Epic Systems Corporation,Beacon Cancer Registry Reporting
310115,0015CD44ZFB3ZJS,Epic Systems Corporation,EpicCare Inpatient Base
310118,0015CSP20HYW41Z,"Dynamic Health IT, Inc",ConnectEHR +BulkFHIR
310119,0015CG7CZ36Z3FS,Epic Systems Corporation,Beacon Cancer Registry Reporting
310130,0015C4J0ZKW5KKJ,Epic Systems Corporation,EpicCare Inpatient Base
31300,0015CP587BP0W9H,"Inpriva, Inc.",hDirect Network Services
31301,0015CT0PPT32RH0,Persivia,Persivia Platform
31302,nan,nan,
31304,0015CWG9E12DJH8,Imprivata,Imprivata FairWarning
31305,nan,nan,
31307,0015CWD0UCD0JJL,Indian Health Service,Resource and Patient Management System Electronic Health Record
31308,0015C9AFY8WDK5S,NextGen Healthcare,NextGen Office
31309,0015CHA8WQP3E7L,"Park Avenue Capital, LLC dba MaxMD",MaxMD Direct mdEmail®
31311,0015CDA13YNK8F1,Cerner Corporation,Electronic Case Reporting
31312,0015CAM1MLV2KZK,Cerner Corporation,Antimicrobial Usage and Resistance Reporting
31313,0015CPS61Z1JW9R,Cerner Corporation,Electronic Case Reporting
31314,0015CUB5R65YGA6,MedAllies,MedAllies Direct Solutions™
31315,0015CFG3Q10HY2V,"Inpriva, Inc.",hDirect Network Services
31317,0015CFG3Q10HY2V,"Inpriva, Inc.",hDirect Network Services
31318,0015CWG9E12DJH8,Imprivata,Imprivata FairWarning
31319,nan,nan,
31320,nan,nan,
313300,nan,nan,
313302,nan,nan,
320001,0015C6BAM1VSL81,Cerner Corporation,Electronic Case Reporting
320002,0015CYJ419M5S70,"Surescripts, LLC",Surescripts Clinical Direct Messaging
320004,0015CS2PN2S6P33,Cerner Corporation,Antimicrobial Usage and Resistance Reporting
320005,0015CBS096Z9TAL,Cerner Corporation,Electronic Case Reporting
320006,0015CY6GQF8CTH4,Secure Exchange Solutions,SES Direct
320009,0015C4J0ZKW5KKJ,Epic Systems Corporation,EpicCare Inpatient Base
320011,nan,nan,
320017,0015C4J0ZKW5KKJ,Epic Systems Corporation,EpicCare Inpatient Base
320018,0015C4HSE8YJ05Q,"Medisolv, Inc.",ENCOR-e
320021,nan,nan,
320022,nan,nan,
320030,0015CFG3Q10HY2V,"Inpriva, Inc.",hDirect Network Services
320033,0015C8CHE73ABS5,Secure Exchange Solutions,SES Direct
320057,nan,nan,
320059,0015CWD0UCD0JJL,Indian Health Service,Resource and Patient Management System Electronic Health Record
320060,nan,nan,
320061,0015CWD0UCD0JJL,Indian Health Service,Resource and Patient Management System Electronic Health Record
320062,0015CWD0UCD0JJL,Indian Health Service,Resource and Patient Management System Electronic Health Record
320063,0015CR8535UDY24,"InterOperability Bidco, Inc., d.b.a. Rhapsody",Rhapsody Integration Engine
320065,0015CCE123S5WK4,Epic Systems Corporation,Beaker Reportable Labs Reporting
320074,0015C4J0ZKW5KKJ,Epic Systems Corporation,EpicCare Inpatient Base
320084,0015CPL9B1X1Z6K,MedAllies,MedAllies Direct Solutions™
320085,0015CR8535UDY24,"InterOperability Bidco, Inc., d.b.a. Rhapsody",Rhapsody Integration Engine
320086,0015C4J0ZKW5KKJ,Epic Systems Corporation,EpicCare Inpatient Base
320090,nan,nan,
320091,0015C653E6J0GQN,Cerner Corporation,Electronic Case Reporting
321300,nan,nan,
321301,nan,nan,
321302,nan,nan,
321304,0015CFG3Q10HY2V,"Inpriva, Inc.",hDirect Network Services
321305,0015C8N7RF7RBK1,Epic Systems Corporation,Beacon Cancer Registry Reporting
321306,nan,nan,
321307,0015CTG6K0EW7TC,Cerner Corporation,Electronic Case Reporting
321308,0015C80E18RAW4X,Cerner Corporation,Electronic Case Reporting
321309,0015C8CHE73ABS5,Secure Exchange Solutions,SES Direct
321310,0015CFG2CWR0503,"Inpriva, Inc.",hDirect Network Services
321311,0015CE6RY9VG5KZ,Orion Health,Communicate
321312,0015C8CHE73ABS5,Secure Exchange Solutions,SES Direct
321313,0015CLT8S0A3MT6,Cerner Corporation,Electronic Case Reporting
330005,0015CA3NG3KCS1A,Cerner Corporation,Electronic Case Reporting
330006,0015CQ1Z9GXS0PK,Cerner Corporation,Soarian Clinicals
330009,0015C04A2M9JFN5,Veradigm,Veradigm FollowMyHealth®
330011,0015C5LFV335W0K,Cerner Corporation,Electronic Case Reporting
330013,0015C7VBX5MZA1C,Cerner Corporation,Soarian Clinicals
330014,0015CEJ6SKS1X8R,Epic Systems Corporation,EpicCare Ambulatory Base
330019,0015C9DYP04CHC3,"Dynamic Health IT, Inc",ConnectEHR +BulkFHIR
330023,0015CF6CR28MVL0,Imprivata,Imprivata FairWarning
330024,0015CGG3JTB83MA,Epic Systems Corporation,EpicCare Inpatient Base
330027,0015CW4VMW3NMY3,Altera Digital Health Inc.,Sunrise Acute Care
330028,nan,nan,
330030,0015CC3PXP1AKB3,"InterOperability Bidco, Inc., d.b.a. Rhapsody",Rhapsody Integration Engine
330033,0015C31M1955R0M,Epic Systems Corporation,Beacon Cancer Registry Reporting
330043,0015CAM1DM3EQM1,Becton Dickinson and Company,HealthSight Advisors
330044,0015CU63GY58X0S,Epic Systems Corporation,Beaker Reportable Labs Reporting
330045,0015CAM1DM3EQM1,Becton Dickinson and Company,HealthSight Advisors
330046,0015CDN5L8FET1F,Epic Systems Corporation,EpicCare Inpatient Base
330047,0015CWJ3MYE8Y6R,"Surescripts, LLC",Surescripts Clinical Direct Messaging
330049,0015CF6CR28MVL0,Imprivata,Imprivata FairWarning
330055,0015CFS6WE7U6MN,Cerner Corporation,Electronic Lab Results
330056,nan,nan,
330057,0015C8XCN16R6V5,Epic Systems Corporation,Beacon Cancer Registry Reporting
330058,0015CBY5N22KUK7,"Surescripts, LLC",Surescripts Clinical Direct Messaging
330059,0015CWW3R9FPD02,Epic Systems Corporation,Beacon Cancer Registry Reporting
330065,0015CH0EJP0NAK5,Cerner Corporation,HealtheLife
330073,0015CC3PXP1AKB3,"InterOperability Bidco, Inc., d.b.a. Rhapsody",Rhapsody Integration Engine
330074,0015CTC3XKY26KQ,"Surescripts, LLC",Surescripts Clinical Direct Messaging
330078,0015CD44ZFB3ZJS,Epic Systems Corporation,EpicCare Inpatient Base
330079,0015C0QCY3NTF54,"Medisolv, Inc.",ENCOR-e
330080,0015C1GXB9MLH3P,Epic Systems Corporation,Electronic Case Reporting
330085,0015CM6TK4232JR,Epic Systems Corporation,Beaker Reportable Labs Reporting
330086,0015CW4VMW3NMY3,Altera Digital Health Inc.,Sunrise Acute Care
330090,nan,nan,
330094,0015CFM9XMU1NWS,"Medical Information Technology, Inc. (MEDITECH)",MEDITECH Continuity of Care Interface (CCD)
330096,0015CTC3XKY26KQ,"Surescripts, LLC",Surescripts Clinical Direct Messaging
330100,0015CVA107MNM3C,"Surescripts, LLC",Surescripts Clinical Direct Messaging
330101,0015CFS6WE7U6MN,Cerner Corporation,Electronic Lab Results
330102,0015CD44ZFB3ZJS,Epic Systems Corporation,EpicCare Inpatient Base
330103,0015C62GA91HAE6,Secure Exchange Solutions,SES Direct
330104,0015CWW3R9FPD02,Epic Systems Corporation,Beacon Cancer Registry Reporting
330106,0015CAM1DM3EQM1,Becton Dickinson and Company,HealthSight Advisors
330107,0015CZW4T2ZP67K,Becton Dickinson and Company,HealthSight Advisors
330111,0015C8CHE73ABS5,Secure Exchange Solutions,SES Direct
330115,0015CUN1JJ17KJX,NextGen Healthcare,NextGen Direct Messaging
330119,0015CAM1DM3EQM1,Becton Dickinson and Company,HealthSight Advisors
330125,0015CC3PXP1AKB3,"InterOperability Bidco, Inc., d.b.a. Rhapsody",Rhapsody Integration Engine
330126,0015C97XDZ8XB5U,Epic Systems Corporation,Beaker Reportable Labs Reporting
330127,0015C1GXB9MLH3P,Epic Systems Corporation,Electronic Case Reporting
330128,0015C1GXB9MLH3P,Epic Systems Corporation,Electronic Case Reporting
330135,0015C5LFV335W0K,Cerner Corporation,Electronic Case Reporting
330136,0015C8LDJ9KA9Q3,Epic Systems Corporation,Beaker Reportable Labs Reporting
330140,0015C8XCN16R6V5,Epic Systems Corporation,Beacon Cancer Registry Reporting
330141,0015CG0LCV85NKH,Epic Systems Corporation,Beacon Cancer Registry Reporting
330144,nan,nan,
330151,0015CTC3XKY26KQ,"Surescripts, LLC",Surescripts Clinical Direct Messaging
330153,0015C86SGX62H31,Cerner Corporation,Antimicrobial Usage and Resistance Reporting
330157,0015CPA5YK9E5YR,DrFirst,Rcopia
330158,0015C5LFV335W0K,Cerner Corporation,Electronic Case Reporting
330160,0015CAM1DM3EQM1,Becton Dickinson and Company,HealthSight Advisors
330162,0015CSA1PP1ZKH6,Becton Dickinson and Company,HealthSight Advisors
330164,0015CTC3XKY26KQ,"Surescripts, LLC",Surescripts Clinical Direct Messaging
330166,0015C8XCN16R6V5,Epic Systems Corporation,Beacon Cancer Registry Reporting
330169,0015CDN5L8FET1F,Epic Systems Corporation,EpicCare Inpatient Base
330175,0015CS2TT1R8X1C,Epic Systems Corporation,Beacon Cancer Registry Reporting
330180,0015C8XCN16R6V5,Epic Systems Corporation,Beacon Cancer Registry Reporting
330181,0015CAM1DM3EQM1,Becton Dickinson and Company,HealthSight Advisors
330182,0015CH8SQ44HUM8,Cerner Corporation,Millennium (CQMs)
330184,0015CW4VMW3NMY3,Altera Digital Health Inc.,Sunrise Acute Care
330185,0015CPD4WGU631G,Becton Dickinson and Company,HealthSight Advisors
330188,0015CD44ZFB3ZJS,Epic Systems Corporation,EpicCare Inpatient Base
330191,0015CXN27ZL860U,Cerner Corporation,Antimicrobial Usage and Resistance Reporting
330193,0015CEJ6SKS1X8R,Epic Systems Corporation,EpicCare Ambulatory Base
330194,0015CW4VMW3NMY3,Altera Digital Health Inc.,Sunrise Acute Care
330195,0015CAM1DM3EQM1,Becton Dickinson and Company,HealthSight Advisors
330196,0015C1GXB9MLH3P,Epic Systems Corporation,Electronic Case Reporting
330197,0015CC3PXP1AKB3,"InterOperability Bidco, Inc., d.b.a. Rhapsody",Rhapsody Integration Engine
330198,0015CW4VMW3NMY3,Altera Digital Health Inc.,Sunrise Acute Care
330199,0015C1GXB9MLH3P,Epic Systems Corporation,Electronic Case Reporting
330202,0015C1GXB9MLH3P,Epic Systems Corporation,Electronic Case Reporting
330203,0015C7EW0D1RHA2,Cerner Corporation,Soarian Clinicals
330204,0015C1GXB9MLH3P,Epic Systems Corporation,Electronic Case Reporting
330205,0015C5LFV335W0K,Cerner Corporation,Electronic Case Reporting
330208,0015C5W0RM8Y9K0,MedAllies,MedAllies Direct Solutions™
330211,nan,nan,
330214,0015CG0LCV85NKH,Epic Systems Corporation,Beacon Cancer Registry Reporting
330215,0015CQZ3GL3N8TR,"Premier Healthcare Solutions, Inc.",eCQM Calculator
330218,0015CW5JJ1P502U,NextGen Healthcare,NextGen Direct Messaging
330219,0015C78PU49GB17,Secure Exchange Solutions,SES Direct
330221,0015CF2C9MW8EHH,Altera Digital Health Inc.,Sunrise Acute Care
330222,0015CQ82R7P6Q5A,"Medical Information Technology, Inc. (MEDITECH)",MEDITECH MAGIC Emergency Department Management
330224,0015CK3MKQ1BP7X,"Premier Healthcare Solutions, Inc.",eCQM Calculator
330226,0015CC3PXP1AKB3,"InterOperability Bidco, Inc., d.b.a. Rhapsody",Rhapsody Integration Engine
330229,0015C62GA91HAE6,Secure Exchange Solutions,SES Direct
330231,0015C1GXB9MLH3P,Epic Systems Corporation,Electronic Case Reporting
330233,0015CAL2TM5S53B,Epic Systems Corporation,Beacon Cancer Registry Reporting
330234,0015C46MRE34QH2,Cerner Corporation,Antimicrobial Usage and Resistance Reporting
330235,nan,nan,
330238,0015CTC3XKY26KQ,"Surescripts, LLC",Surescripts Clinical Direct Messaging
330239,0015C4F9W7075HE,Cerner Corporation,Electronic Case Reporting
330240,0015C1GXB9MLH3P,Epic Systems Corporation,Electronic Case Reporting
330241,0015C8XCN16R6V5,Epic Systems Corporation,Beacon Cancer Registry Reporting
330246,0015CH8SQ44HUM8,Cerner Corporation,Millennium (CQMs)
330250,0015CS71BZT400W,Epic Systems Corporation,Beacon Cancer Registry Reporting
330259,0015CH8SQ44HUM8,Cerner Corporation,Millennium (CQMs)
330261,0015C0SN07LAQ3M,Becton Dickinson and Company,HealthSight Advisors
330264,0015CWW3R9FPD02,Epic Systems Corporation,Beacon Cancer Registry Reporting
330265,0015CC3PXP1AKB3,"InterOperability Bidco, Inc., d.b.a. Rhapsody",Rhapsody Integration Engine
330267,0015CFS6WE7U6MN,Cerner Corporation,Electronic Lab Results
330270,0015C124KR0SNP1,Epic Systems Corporation,Beaker Reportable Labs Reporting
330273,0015CF6CR28MVL0,Imprivata,Imprivata FairWarning
330276,0015CB5W0LAM5FC,"Medical Information Technology, Inc. (MEDITECH)",MEDITECH Expanse 2.1 Ambulatory
330277,0015CS2TT1R8X1C,Epic Systems Corporation,Beacon Cancer Registry Reporting
330279,0015CD44ZFB3ZJS,Epic Systems Corporation,EpicCare Inpatient Base
330285,0015CTC3XKY26KQ,"Surescripts, LLC",Surescripts Clinical Direct Messaging
330286,0015CH8SQ44HUM8,Cerner Corporation,Millennium (CQMs)
330304,0015CWW3R9FPD02,Epic Systems Corporation,Beacon Cancer Registry Reporting
330307,0015CMH20AVM5SA,DrFirst,Rcopia
330331,0015CAM1DM3EQM1,Becton Dickinson and Company,HealthSight Advisors
330332,0015CH8SQ44HUM8,Cerner Corporation,Millennium (CQMs)
330350,0015CRN3YQR9GB4,"Medisolv, Inc.",ENCOR-e
330386,0015C97XDZ8XB5U,Epic Systems Corporation,Beaker Reportable Labs Reporting
330393,0015C2CGN7RQ97J,Cerner Corporation,Electronic Case Reporting
330394,0015C31M1955R0M,Epic Systems Corporation,Beacon Cancer Registry Reporting
330395,0015CY0XCD9NEU1,NextGen Healthcare,NextGen Direct Messaging
330396,0015C1GXB9MLH3P,Epic Systems Corporation,Electronic Case Reporting
330399,nan,nan,
330401,0015CH8SQ44HUM8,Cerner Corporation,Millennium (CQMs)
330405,nan,nan,
330406,0015C8XCN16R6V5,Epic Systems Corporation,Beacon Cancer Registry Reporting
330411,nan,nan,
331301,0015C62GA91HAE6,Secure Exchange Solutions,SES Direct
331302,0015CS71BZT400W,Epic Systems Corporation,Beacon Cancer Registry Reporting
331303,0015C97XDZ8XB5U,Epic Systems Corporation,Beaker Reportable Labs Reporting
331304,0015CK3MKQ1BP7X,"Premier Healthcare Solutions, Inc.",eCQM Calculator
331305,0015C8LDJ9KA9Q3,Epic Systems Corporation,Beaker Reportable Labs Reporting
331307,0015C7URE9RTG1U,"Inpriva, Inc.",hDirect Network Services
331309,nan,nan,
331310,0015CT0PPT32RH0,Persivia,Persivia Platform
331311,0015C8LDJ9KA9Q3,Epic Systems Corporation,Beaker Reportable Labs Reporting
331312,0015C31M1955R0M,Epic Systems Corporation,Beacon Cancer Registry Reporting
331313,nan,nan,
331314,0015CBY5N22KUK7,"Surescripts, LLC",Surescripts Clinical Direct Messaging
331315,0015CC3PXP1AKB3,"InterOperability Bidco, Inc., d.b.a. Rhapsody",Rhapsody Integration Engine
331316,0015C30NFU1QU7A,Cerner Corporation,Patient Portal
331317,0015CH28495FXS6,NextGen Healthcare,NextGen Direct Messaging
331318,0015CFG3Q10HY2V,"Inpriva, Inc.",hDirect Network Services
331319,0015CP587BP0W9H,"Inpriva, Inc.",hDirect Network Services
331320,0015C8LDJ9KA9Q3,Epic Systems Corporation,Beaker Reportable Labs Reporting
331321,0015CS71BZT400W,Epic Systems Corporation,Beacon Cancer Registry Reporting
331322,nan,nan,
331323,nan,nan,
33302,nan,nan,
333301,nan,nan,
340001,0015C4H2WUK0S3A,Epic Systems Corporation,Beacon Cancer Registry Reporting
340002,0015CSA3T2VWB3S,Cerner Corporation,Electronic Case Reporting
340003,0015C2PAT0P5QHC,Secure Exchange Solutions,SES Direct
340004,0015C257B7545Y1,Epic Systems Corporation,Beacon Cancer Registry Reporting
340008,0015CWA0BT2W1VP,Epic Systems Corporation,Beacon Cancer Registry Reporting
340010,0015C4J0ZKW5KKJ,Epic Systems Corporation,EpicCare Inpatient Base
340013,0015C0B8Z57B259,"Medisolv, Inc.",ENCOR-e
340014,0015CWW3R9FPD02,Epic Systems Corporation,Beacon Cancer Registry Reporting
340015,0015CWW3R9FPD02,Epic Systems Corporation,Beacon Cancer Registry Reporting
340016,0015C0UNC8R9VFR,"Medisolv, Inc.",ENCOR-e
340017,0015C4J0ZKW5KKJ,Epic Systems Corporation,EpicCare Inpatient Base
340020,0015CJD3G2F3YGA,Cerner Corporation,Electronic Case Reporting
340021,0015C4H2WUK0S3A,Epic Systems Corporation,Beacon Cancer Registry Reporting
340023,0015CFG9KA7DWS7,Cerner Corporation,Electronic Case Reporting
340024,0015CLM3FER4ST1,"Park Avenue Capital, LLC dba MaxMD",MaxMD Direct mdEmail®
340027,0015C4J0ZKW5KKJ,Epic Systems Corporation,EpicCare Inpatient Base
340028,0015CWW3R9FPD02,Epic Systems Corporation,Beacon Cancer Registry Reporting
340030,0015CD44ZFB3ZJS,Epic Systems Corporation,EpicCare Inpatient Base
340032,0015CAL43NCA8Y7,Epic Systems Corporation,Beacon Cancer Registry Reporting
340039,0015C80E18RAW4X,Cerner Corporation,Electronic Case Reporting
340040,0015C92F81YS48A,Epic Systems Corporation,Beacon Cancer Registry Reporting
340041,0015C4J0ZKW5KKJ,Epic Systems Corporation,EpicCare Inpatient Base
340042,0015C2PAT0P5QHC,Secure Exchange Solutions,SES Direct
340047,0015C257B7545Y1,Epic Systems Corporation,Beacon Cancer Registry Reporting
340049,0015CXX8NDM931Q,MedAllies,MedAllies Direct Solutions™
340050,0015C4J0ZKW5KKJ,Epic Systems Corporation,EpicCare Inpatient Base
340051,0015C5HKP92HQ7U,Epic Systems Corporation,EpicCare Inpatient Base
340053,0015CWW3R9FPD02,Epic Systems Corporation,Beacon Cancer Registry Reporting
340060,0015C4J0ZKW5KKJ,Epic Systems Corporation,EpicCare Inpatient Base
340061,0015C4J0ZKW5KKJ,Epic Systems Corporation,EpicCare Inpatient Base
340064,0015C257B7545Y1,Epic Systems Corporation,Beacon Cancer Registry Reporting
340068,0015CNW83XEZ7SX,Cerner Corporation,Antimicrobial Usage and Resistance Reporting
340069,0015CUT26KMP0YR,Epic Systems Corporation,EpicCare Ambulatory Base
340070,0015CQD6PDS8Y3T,Epic Systems Corporation,EpicCare Inpatient Base
340071,0015CWW3R9FPD02,Epic Systems Corporation,Beacon Cancer Registry Reporting
340073,0015CD44ZFB3ZJS,Epic Systems Corporation,EpicCare Inpatient Base
340075,0015C4J0ZKW5KKJ,Epic Systems Corporation,EpicCare Inpatient Base
340084,0015C4H2WUK0S3A,Epic Systems Corporation,Beacon Cancer Registry Reporting
340085,0015CWW3R9FPD02,Epic Systems Corporation,Beacon Cancer Registry Reporting
340087,0015CSA3T2VWB3S,Cerner Corporation,Electronic Case Reporting
340090,0015C4J0ZKW5KKJ,Epic Systems Corporation,EpicCare Inpatient Base
340091,0015CQD6PDS8Y3T,Epic Systems Corporation,EpicCare Inpatient Base
340096,0015C257B7545Y1,Epic Systems Corporation,Beacon Cancer Registry Reporting
340097,0015CFG3Q10HY2V,"Inpriva, Inc.",hDirect Network Services
340098,0015C4H2WUK0S3A,Epic Systems Corporation,Beacon Cancer Registry Reporting
340099,0015C92F81YS48A,Epic Systems Corporation,Beacon Cancer Registry Reporting
340107,0015C92F81YS48A,Epic Systems Corporation,Beacon Cancer Registry Reporting
340109,0015C7J3NZX7XGG,Epic Systems Corporation,EpicCare Ambulatory Base
340113,0015C4H2WUK0S3A,Epic Systems Corporation,Beacon Cancer Registry Reporting
340114,0015C4J0ZKW5KKJ,Epic Systems Corporation,EpicCare Inpatient Base
340115,0015C4TZ0UTW7LY,Epic Systems Corporation,EpicCare Inpatient Base
340116,0015CJD3G2F3YGA,Cerner Corporation,Electronic Case Reporting
340119,0015C4H2WUK0S3A,Epic Systems Corporation,Beacon Cancer Registry Reporting
340120,0015C92F81YS48A,Epic Systems Corporation,Beacon Cancer Registry Reporting
340123,0015CGN4GDC2CK2,"InterOperability Bidco, Inc., d.b.a. Rhapsody",Corepoint Integration Engine
340126,0015CLV7UKW65LQ,"Medisolv, Inc.",ENCOR-e
340127,0015CWN7V66N218,Secure Exchange Solutions,SES Direct
340129,0015CSU4PE5PV37,"InterOperability Bidco, Inc., d.b.a. Rhapsody",Rhapsody Integration Engine
340130,0015C4H2WUK0S3A,Epic Systems Corporation,Beacon Cancer Registry Reporting
340131,0015CFD9V45FUS6,Cerner Corporation,Electronic Case Reporting
340132,0015C0UNC8R9VFR,"Medisolv, Inc.",ENCOR-e
340141,0015CWW3R9FPD02,Epic Systems Corporation,Beacon Cancer Registry Reporting
340142,0015CMY4ZWS0PYN,Secure Exchange Solutions,SES Direct
340143,0015CRK4CT9AYC0,Secure Exchange Solutions,SES Direct
340145,0015C4H2WUK0S3A,Epic Systems Corporation,Beacon Cancer Registry Reporting
340147,0015C4J0ZKW5KKJ,Epic Systems Corporation,EpicCare Inpatient Base
340148,0015CWW3R9FPD02,Epic Systems Corporation,Beacon Cancer Registry Reporting
340151,0015C92F81YS48A,Epic Systems Corporation,Beacon Cancer Registry Reporting
340155,0015CD44ZFB3ZJS,Epic Systems Corporation,EpicCare Inpatient Base
340156,0015CWD0UCD0JJL,Indian Health Service,Resource and Patient Management System Electronic Health Record
340158,0015CWW3R9FPD02,Epic Systems Corporation,Beacon Cancer Registry Reporting
340159,0015CE8T574Z66D,"Medisolv, Inc.",ENCOR-e
340166,0015C4H2WUK0S3A,Epic Systems Corporation,Beacon Cancer Registry Reporting
340168,nan,nan,
340171,0015CWW3R9FPD02,Epic Systems Corporation,Beacon Cancer Registry Reporting
340173,0015CUT26KMP0YR,Epic Systems Corporation,EpicCare Ambulatory Base
340183,0015CWW3R9FPD02,Epic Systems Corporation,Beacon Cancer Registry Reporting
340184,0015C0UNC8R9VFR,"Medisolv, Inc.",ENCOR-e
340187,0015C257B7545Y1,Epic Systems Corporation,Beacon Cancer Registry Reporting
340188,0015CWW3R9FPD02,Epic Systems Corporation,Beacon Cancer Registry Reporting
340190,0015CWW3R9FPD02,Epic Systems Corporation,Beacon Cancer Registry Reporting
340195,0015CWW3R9FPD02,Epic Systems Corporation,Beacon Cancer Registry Reporting
341303,0015C4TZ0UTW7LY,Epic Systems Corporation,EpicCare Inpatient Base
341304,0015C92F81YS48A,Epic Systems Corporation,Beacon Cancer Registry Reporting
341305,0015C0UNC8R9VFR,"Medisolv, Inc.",ENCOR-e
341307,0015CWW3R9FPD02,Epic Systems Corporation,Beacon Cancer Registry Reporting
341311,0015C4J0ZKW5KKJ,Epic Systems Corporation,EpicCare Inpatient Base
341314,nan,nan,
341315,0015CWW3R9FPD02,Epic Systems Corporation,Beacon Cancer Registry Reporting
341316,0015CSA3T2VWB3S,Cerner Corporation,Electronic Case Reporting
341317,nan,nan,
341318,0015C92F81YS48A,Epic Systems Corporation,Beacon Cancer Registry Reporting
341319,0015CSA3T2VWB3S,Cerner Corporation,Electronic Case Reporting
341320,nan,nan,
341322,0015CKK9ELR9WCZ,Epic Systems Corporation,Beaker Reportable Labs Reporting
341323,0015C5HKP92HQ7U,Epic Systems Corporation,EpicCare Inpatient Base
341324,0015C92F81YS48A,Epic Systems Corporation,Beacon Cancer Registry Reporting
341325,nan,nan,
341326,0015CSA3T2VWB3S,Cerner Corporation,Electronic Case Reporting
341327,0015CFG3Q10HY2V,"Inpriva, Inc.",hDirect Network Services
341328,0015CFG3Q10HY2V,"Inpriva, Inc.",hDirect Network Services
341329,0015CSA3T2VWB3S,Cerner Corporation,Electronic Case Reporting
350002,0015CWD2653NY5L,Epic Systems Corporation,Beacon Cancer Registry Reporting
350006,0015C3K3YJ2CSK4,Cerner Corporation,Electronic Case Reporting
350011,0015CHL24QZ8GAF,Epic Systems Corporation,Beacon Cancer Registry Reporting
350015,0015CHL24QZ8GAF,Epic Systems Corporation,Beacon Cancer Registry Reporting
350019,0015CD44ZFB3ZJS,Epic Systems Corporation,EpicCare Inpatient Base
350063,0015CWD0UCD0JJL,Indian Health Service,Resource and Patient Management System Electronic Health Record
350070,0015CRT7Y4XJX42,Epic Systems Corporation,Beacon Cancer Registry Reporting
351300,0015CD44ZFB3ZJS,Epic Systems Corporation,EpicCare Inpatient Base
351301,0015C3K3YJ2CSK4,Cerner Corporation,Electronic Case Reporting
351302,0015CHL24QZ8GAF,Epic Systems Corporation,Beacon Cancer Registry Reporting
351303,0015CWD2653NY5L,Epic Systems Corporation,Beacon Cancer Registry Reporting
351304,0015CWD2653NY5L,Epic Systems Corporation,Beacon Cancer Registry Reporting
351305,0015C3K3YJ2CSK4,Cerner Corporation,Electronic Case Reporting
351306,0015CD44ZFB3ZJS,Epic Systems Corporation,EpicCare Inpatient Base
351307,nan,nan,
351308,0015CD44ZFB3ZJS,Epic Systems Corporation,EpicCare Inpatient Base
351309,0015CHL24QZ8GAF,Epic Systems Corporation,Beacon Cancer Registry Reporting
351310,0015CD44ZFB3ZJS,Epic Systems Corporation,EpicCare Inpatient Base
351311,0015C4RL6KTR75G,Orion Health,Communicate
351312,0015CD44ZFB3ZJS,Epic Systems Corporation,EpicCare Inpatient Base
351313,0015CW40F8CZL04,DrFirst,Rcopia
351314,0015CHL24QZ8GAF,Epic Systems Corporation,Beacon Cancer Registry Reporting
351315,0015C4RL6KTR75G,Orion Health,Communicate
351316,nan,nan,
351318,0015C4RL6KTR75G,Orion Health,Communicate
351319,0015CD44ZFB3ZJS,Epic Systems Corporation,EpicCare Inpatient Base
351320,0015CD44ZFB3ZJS,Epic Systems Corporation,EpicCare Inpatient Base
351321,0015C80E18RAW4X,Cerner Corporation,Electronic Case Reporting
351322,0015CFG3Q10HY2V,"Inpriva, Inc.",hDirect Network Services
351323,0015CD44ZFB3ZJS,Epic Systems Corporation,EpicCare Inpatient Base
351324,0015C4RL6KTR75G,Orion Health,Communicate
351325,nan,nan,
351326,0015CD44ZFB3ZJS,Epic Systems Corporation,EpicCare Inpatient Base
351327,nan,nan,
351328,nan,nan,
351329,0015CHL24QZ8GAF,Epic Systems Corporation,Beacon Cancer Registry Reporting
351330,nan,nan,
351331,0015CD44ZFB3ZJS,Epic Systems Corporation,EpicCare Inpatient Base
351332,0015CD44ZFB3ZJS,Epic Systems Corporation,EpicCare Inpatient Base
351333,0015C4RL6KTR75G,Orion Health,Communicate
351334,0015C4RL6KTR75G,Orion Health,Communicate
351335,0015CHL24QZ8GAF,Epic Systems Corporation,Beacon Cancer Registry Reporting
351336,0015C4RL6KTR75G,Orion Health,Communicate
351364,0015CWD0UCD0JJL,Indian Health Service,Resource and Patient Management System Electronic Health Record
360001,0015C4J0ZKW5KKJ,Epic Systems Corporation,EpicCare Inpatient Base
360002,0015C1R2KAA9ER9,"InterOperability Bidco, Inc., d.b.a. Rhapsody",Rhapsody Integration Engine
360003,0015C4YA0NH80Z2,Epic Systems Corporation,Electronic Case Reporting
360006,0015C0AWU30GFF9,Epic Systems Corporation,Beaker Reportable Labs Reporting
360008,0015CUP1MAR3PAU,"Medical Information Technology, Inc. (MEDITECH)",MEDITECH Public Health Interface Electronic Case Reporting
360009,0015CUP1MAR3PAU,"Medical Information Technology, Inc. (MEDITECH)",MEDITECH Public Health Interface Electronic Case Reporting
360010,0015C6CMZ6GZP4N,Epic Systems Corporation,Beacon Cancer Registry Reporting
360011,0015C0AWU30GFF9,Epic Systems Corporation,Beaker Reportable Labs Reporting
360012,0015C8XCN16R6V5,Epic Systems Corporation,Beacon Cancer Registry Reporting
360013,0015C39T5RQ3R2H,"Medisolv, Inc.",ENCOR-e
360014,0015C0AWU30GFF9,Epic Systems Corporation,Beaker Reportable Labs Reporting
360016,0015C4J0ZKW5KKJ,Epic Systems Corporation,EpicCare Inpatient Base
360017,0015C0AWU30GFF9,Epic Systems Corporation,Beaker Reportable Labs Reporting
360020,0015CHL24QZ8GAF,Epic Systems Corporation,Beacon Cancer Registry Reporting
360025,0015CJJ59XU65R4,"Medical Information Technology, Inc. (MEDITECH)",MEDITECH Public Health Interface Electronic Case Reporting
360026,0015C8QT7J6X16L,Epic Systems Corporation,Beacon Cancer Registry Reporting
360027,0015C6CMZ6GZP4N,Epic Systems Corporation,Beacon Cancer Registry Reporting
360029,0015C4MD8U5XTQ6,Imprivata,Imprivata FairWarning
360032,0015CNW2HYW6GE9,"Nuance Communications, Inc.",Nuance Electronic Quality Measures
360035,0015C8XCN16R6V5,Epic Systems Corporation,Beacon Cancer Registry Reporting
360036,0015CHL8B1RR7PJ,DrFirst,Rcopia
360039,0015CHL24QZ8GAF,Epic Systems Corporation,Beacon Cancer Registry Reporting
360040,0015CK3MKQ1BP7X,"Premier Healthcare Solutions, Inc.",eCQM Calculator
360041,0015C1R2KAA9ER9,"InterOperability Bidco, Inc., d.b.a. Rhapsody",Rhapsody Integration Engine
360046,0015CDM17K02DJ1,Epic Systems Corporation,Beacon Cancer Registry Reporting
360048,0015C4J0ZKW5KKJ,Epic Systems Corporation,EpicCare Inpatient Base
360051,0015CQT8XMU5YKA,Epic Systems Corporation,Beacon Cancer Registry Reporting
360054,0015CRC7WS3FUQ5,Veradigm,AllScripts FollowMyHealth®
360055,0015C28CYJ5LLF4,"DataMotion, Inc.",DataMotion Direct
360056,0015C4J0ZKW5KKJ,Epic Systems Corporation,EpicCare Inpatient Base
360058,0015CP7AX4WSC8K,Epic Systems Corporation,EpicCare Inpatient Base
360059,0015C3GKN8P5MDL,Epic Systems Corporation,Beaker Reportable Labs Reporting
360064,0015C4J0ZKW5KKJ,Epic Systems Corporation,EpicCare Inpatient Base
360065,0015CD48A8RYR9G,Cerner Corporation,Electronic Case Reporting
360066,0015C4J0ZKW5KKJ,Epic Systems Corporation,EpicCare Inpatient Base
360068,0015CD44ZFB3ZJS,Epic Systems Corporation,EpicCare Inpatient Base
360070,0015C6CMZ6GZP4N,Epic Systems Corporation,Beacon Cancer Registry Reporting
360071,0015CMP5XJD8XE5,Epic Systems Corporation,EpicCare Inpatient Base
360072,0015C80E18RAW4X,Cerner Corporation,Electronic Case Reporting
360075,0015C1R2KAA9ER9,"InterOperability Bidco, Inc., d.b.a. Rhapsody",Rhapsody Integration Engine
360076,0015CQT8XMU5YKA,Epic Systems Corporation,Beacon Cancer Registry Reporting
360077,0015C6CMZ6GZP4N,Epic Systems Corporation,Beacon Cancer Registry Reporting
360078,0015C1R2KAA9ER9,"InterOperability Bidco, Inc., d.b.a. Rhapsody",Rhapsody Integration Engine
360079,0015C8QT7J6X16L,Epic Systems Corporation,Beacon Cancer Registry Reporting
360080,0015CVM2G26YS8W,Secure Exchange Solutions,SES Direct
360082,0015C6CMZ6GZP4N,Epic Systems Corporation,Beacon Cancer Registry Reporting
360084,0015CD4BVE0FW28,Imprivata,FairWarning® Patient Privacy Monitoring
360085,0015C5SXW8QBF5V,Epic Systems Corporation,Beaker Reportable Labs Reporting
360086,0015C4J0ZKW5KKJ,Epic Systems Corporation,EpicCare Inpatient Base
360087,0015C6CMZ6GZP4N,Epic Systems Corporation,Beacon Cancer Registry Reporting
360089,0015C4J0ZKW5KKJ,Epic Systems Corporation,EpicCare Inpatient Base
360091,0015C6CMZ6GZP4N,Epic Systems Corporation,Beacon Cancer Registry Reporting
360092,0015CC9QLT3XNB8,Epic Systems Corporation,EpicCare Ambulatory Base
360095,0015C2EWL083G0V,Cerner Corporation,Electronic Case Reporting
360096,0015CW1Z8901UAE,"Surescripts, LLC",Surescripts Clinical Direct Messaging
360098,0015C3D2S3GM8GH,Cerner Corporation,Patient Portal
360107,0015CFU56241LG1,"Medical Information Technology, Inc. (MEDITECH)",MEDITECH Public Health Interface Electronic Case Reporting
360109,0015C7LXP7WMW9R,"Surescripts, LLC",Surescripts Clinical Direct Messaging
360112,0015C4J0ZKW5KKJ,Epic Systems Corporation,EpicCare Inpatient Base
360118,0015C0AWU30GFF9,Epic Systems Corporation,Beaker Reportable Labs Reporting
360121,0015CBQ7AFQ8WLH,Epic Systems Corporation,Beacon Cancer Registry Reporting
360123,0015C1R2KAA9ER9,"InterOperability Bidco, Inc., d.b.a. Rhapsody",Rhapsody Integration Engine
360125,0015C6CMZ6GZP4N,Epic Systems Corporation,Beacon Cancer Registry Reporting
360131,0015CBN7PZR7RL4,DrFirst,Rcopia
360132,0015C8QT7J6X16L,Epic Systems Corporation,Beacon Cancer Registry Reporting
360133,0015C8QT7J6X16L,Epic Systems Corporation,Beacon Cancer Registry Reporting
360134,0015CDM17K02DJ1,Epic Systems Corporation,Beacon Cancer Registry Reporting
360137,0015C1R2KAA9ER9,"InterOperability Bidco, Inc., d.b.a. Rhapsody",Rhapsody Integration Engine
360143,0015C6CMZ6GZP4N,Epic Systems Corporation,Beacon Cancer Registry Reporting
360144,0015C6CMZ6GZP4N,Epic Systems Corporation,Beacon Cancer Registry Reporting
360145,0015C1R2KAA9ER9,"InterOperability Bidco, Inc., d.b.a. Rhapsody",Rhapsody Integration Engine
360147,0015CUP1MAR3PAU,"Medical Information Technology, Inc. (MEDITECH)",MEDITECH Public Health Interface Electronic Case Reporting
360148,0015CFG3Q10HY2V,"Inpriva, Inc.",hDirect Network Services
360150,0015CK3MKQ1BP7X,"Premier Healthcare Solutions, Inc.",eCQM Calculator
360152,0015C0AWU30GFF9,Epic Systems Corporation,Beaker Reportable Labs Reporting
360155,0015C7QT04JCU71,Cerner Corporation,Electronic Case Reporting
360156,0015CD44ZFB3ZJS,Epic Systems Corporation,EpicCare Inpatient Base
360159,0015C5SXW8QBF5V,Epic Systems Corporation,Beaker Reportable Labs Reporting
360161,0015C4J0ZKW5KKJ,Epic Systems Corporation,EpicCare Inpatient Base
360163,0015CJZ7U2P5UY2,Epic Systems Corporation,EpicCare Ambulatory Base
360170,0015C0AWU30GFF9,Epic Systems Corporation,Beaker Reportable Labs Reporting
360172,0015C4J0ZKW5KKJ,Epic Systems Corporation,EpicCare Inpatient Base
360174,0015CQT8XMU5YKA,Epic Systems Corporation,Beacon Cancer Registry Reporting
360175,0015CSB0AXR5802,Secure Exchange Solutions,SES Direct
360179,0015CDM17K02DJ1,Epic Systems Corporation,Beacon Cancer Registry Reporting
360180,0015C6CMZ6GZP4N,Epic Systems Corporation,Beacon Cancer Registry Reporting
360185,0015C9YFE1KJ3B0,"Medisolv, Inc.",ENCOR-e
360189,0015CEW9TS4ECP8,Epic Systems Corporation,Beaker Reportable Labs Reporting
360197,0015C1HGG5DH5Z6,"Medical Information Technology, Inc. (MEDITECH)",MEDITECH Expanse 2.1 Ambulatory
360203,0015CKC8KW4F6BS,"Medical Information Technology, Inc. (MEDITECH)",MEDITECH Continuity of Care Interface (CCD)
360210,0015C0AWU30GFF9,Epic Systems Corporation,Beaker Reportable Labs Reporting
360211,0015CF8L8B8CTT8,"Medisolv, Inc.",ENCOR-e
360218,0015CCP4C80FXK6,Epic Systems Corporation,Beacon Cancer Registry Reporting
360230,0015C6CMZ6GZP4N,Epic Systems Corporation,Beacon Cancer Registry Reporting
360234,0015C4J0ZKW5KKJ,Epic Systems Corporation,EpicCare Inpatient Base
360236,0015C4J0ZKW5KKJ,Epic Systems Corporation,EpicCare Inpatient Base
360239,0015C8QT7J6X16L,Epic Systems Corporation,Beacon Cancer Registry Reporting
360245,nan,nan,
360259,0015CD44ZFB3ZJS,Epic Systems Corporation,EpicCare Inpatient Base
360263,0015CFG3Q10HY2V,"Inpriva, Inc.",hDirect Network Services
360266,0015C8XCN16R6V5,Epic Systems Corporation,Beacon Cancer Registry Reporting
360270,0015C4J0ZKW5KKJ,Epic Systems Corporation,EpicCare Inpatient Base
360276,0015C4J0ZKW5KKJ,Epic Systems Corporation,EpicCare Inpatient Base
360348,0015C0AWU30GFF9,Epic Systems Corporation,Beaker Reportable Labs Reporting
360351,0015C80E18RAW4X,Cerner Corporation,Electronic Case Reporting
360352,0015C831BK34TRZ,Secure Exchange Solutions,SES Direct
360354,0015C4YA0NH80Z2,Epic Systems Corporation,Electronic Case Reporting
360355,0015CGN8A8ZDE47,"Park Avenue Capital, LLC dba MaxMD",MaxMD Direct mdEmail®
360358,0015C8XCN16R6V5,Epic Systems Corporation,Beacon Cancer Registry Reporting
360359,0015C1R2KAA9ER9,"InterOperability Bidco, Inc., d.b.a. Rhapsody",Rhapsody Integration Engine
360360,0015C8QT7J6X16L,Epic Systems Corporation,Beacon Cancer Registry Reporting
360361,0015CD44ZFB3ZJS,Epic Systems Corporation,EpicCare Inpatient Base
360364,0015C6CMZ6GZP4N,Epic Systems Corporation,Beacon Cancer Registry Reporting
360365,0015C4G8Z73Q0BU,"InterOperability Bidco, Inc., d.b.a. Rhapsody",Rhapsody Integration Engine
360367,0015C3D2S3GM8GH,Cerner Corporation,Patient Portal
360368,0015C8QT7J6X16L,Epic Systems Corporation,Beacon Cancer Registry Reporting
360374,nan,nan,
361300,0015CH4307WMB45,Epic Systems Corporation,EpicCare Inpatient Base
361302,nan,nan,
361303,0015C6CMZ6GZP4N,Epic Systems Corporation,Beacon Cancer Registry Reporting
361304,0015C5SXW8QBF5V,Epic Systems Corporation,Beaker Reportable Labs Reporting
361306,0015C4J0ZKW5KKJ,Epic Systems Corporation,EpicCare Inpatient Base
361307,0015C1R2KAA9ER9,"InterOperability Bidco, Inc., d.b.a. Rhapsody",Rhapsody Integration Engine
361308,0015C1R2KAA9ER9,"InterOperability Bidco, Inc., d.b.a. Rhapsody",Rhapsody Integration Engine
361309,0015CFU56241LG1,"Medical Information Technology, Inc. (MEDITECH)",MEDITECH Public Health Interface Electronic Case Reporting
361310,0015C4J0ZKW5KKJ,Epic Systems Corporation,EpicCare Inpatient Base
361311,0015CHA9ZLS6ELS,Epic Systems Corporation,Beacon Cancer Registry Reporting
361312,0015C4J0ZKW5KKJ,Epic Systems Corporation,EpicCare Inpatient Base
361313,0015CW0N2L3FN42,"Medisolv, Inc.",ENCOR-e
361314,0015CRU3YH6V0S9,Cerner Corporation,Antimicrobial Usage and Resistance Reporting
361315,0015C0AWU30GFF9,Epic Systems Corporation,Beaker Reportable Labs Reporting
361316,0015C4G8Z73Q0BU,"InterOperability Bidco, Inc., d.b.a. Rhapsody",Rhapsody Integration Engine
361318,0015CD44ZFB3ZJS,Epic Systems Corporation,EpicCare Inpatient Base
361319,0015CUP1MAR3PAU,"Medical Information Technology, Inc. (MEDITECH)",MEDITECH Public Health Interface Electronic Case Reporting
361320,0015CRC7WS3FUQ5,Veradigm,AllScripts FollowMyHealth®
361321,0015CHA9ZLS6ELS,Epic Systems Corporation,Beacon Cancer Registry Reporting
361322,0015C2EWL083G0V,Cerner Corporation,Electronic Case Reporting
361323,0015CD4BVE0FW28,Imprivata,FairWarning® Patient Privacy Monitoring
361324,0015C0AWU30GFF9,Epic Systems Corporation,Beaker Reportable Labs Reporting
361325,0015C4G8Z73Q0BU,"InterOperability Bidco, Inc., d.b.a. Rhapsody",Rhapsody Integration Engine
361326,0015CD30BJE5K3L,Secure Exchange Solutions,SES Direct
361327,0015CY2537FYV3Q,Epic Systems Corporation,Electronic Case Reporting
361328,0015CD44ZFB3ZJS,Epic Systems Corporation,EpicCare Inpatient Base
361329,0015C4J0ZKW5KKJ,Epic Systems Corporation,EpicCare Inpatient Base
361330,0015CGE143Y8072,Epic Systems Corporation,EpicCare Inpatient Base
361331,0015C5SXW8QBF5V,Epic Systems Corporation,Beaker Reportable Labs Reporting
361332,0015CFG3Q10HY2V,"Inpriva, Inc.",hDirect Network Services
361333,0015CX9QM2JX3LY,"Medical Information Technology, Inc. (MEDITECH)",MEDITECH Expanse 2.1 Ambulatory
361334,0015C5SXW8QBF5V,Epic Systems Corporation,Beaker Reportable Labs Reporting
363300,nan,nan,
363302,nan,nan,
363303,nan,nan,
363304,nan,nan,
363305,nan,nan,
363306,nan,nan,
363308,nan,nan,
363309,nan,nan,
370001,0015C4J0ZKW5KKJ,Epic Systems Corporation,EpicCare Inpatient Base
370002,0015CR8535UDY24,"InterOperability Bidco, Inc., d.b.a. Rhapsody",Rhapsody Integration Engine
370004,0015CD44ZFB3ZJS,Epic Systems Corporation,EpicCare Inpatient Base
370006,0015CY6GQF8CTH4,Secure Exchange Solutions,SES Direct
370008,0015CHY5NNJ9JW0,DrFirst,Rcopia
370013,0015C4J0ZKW5KKJ,Epic Systems Corporation,EpicCare Inpatient Base
370014,0015CSU4PE5PV37,"InterOperability Bidco, Inc., d.b.a. Rhapsody",Rhapsody Integration Engine
370015,0015C4J0ZKW5KKJ,Epic Systems Corporation,EpicCare Inpatient Base
370016,0015CD44ZFB3ZJS,Epic Systems Corporation,EpicCare Inpatient Base
370018,0015C5LFV335W0K,Cerner Corporation,Electronic Case Reporting
370019,nan,nan,
370020,0015C4J0ZKW5KKJ,Epic Systems Corporation,EpicCare Inpatient Base
370022,0015C5CAW5XQS1Q,"InterOperability Bidco, Inc., d.b.a. Rhapsody",Corepoint Integration Engine
370023,0015CQR360JYR3R,"Park Avenue Capital, LLC dba MaxMD",MaxMD Direct mdEmail®
370025,0015CWW3R9FPD02,Epic Systems Corporation,Beacon Cancer Registry Reporting
370026,0015CQC4AND9RQT,Cerner Corporation,Antimicrobial Usage and Resistance Reporting
370028,0015CD44ZFB3ZJS,Epic Systems Corporation,EpicCare Inpatient Base
370034,0015CK0HN2RQP58,DrFirst,Rcopia
370037,0015CVV5PFX9JXM,Epic Systems Corporation,Beaker Reportable Labs Reporting
370039,0015C4J0ZKW5KKJ,Epic Systems Corporation,EpicCare Inpatient Base
370047,0015C4J0ZKW5KKJ,Epic Systems Corporation,EpicCare Inpatient Base
370049,0015C83KFP8BLE0,Secure Exchange Solutions,SES Direct
370054,0015CA031Y3FFG7,"Park Avenue Capital, LLC dba MaxMD",MaxMD Direct mdEmail®
370056,nan,nan,
370057,0015CET36JJQ20K,Epic Systems Corporation,Beacon Cancer Registry Reporting
370078,0015CWW3R9FPD02,Epic Systems Corporation,Beacon Cancer Registry Reporting
370083,0015CFG3Q10HY2V,"Inpriva, Inc.",hDirect Network Services
370089,0015CND5SVV3P54,Cerner Corporation,Electronic Case Reporting
370091,0015CWW3R9FPD02,Epic Systems Corporation,Beacon Cancer Registry Reporting
370093,0015CHL24QZ8GAF,Epic Systems Corporation,Beacon Cancer Registry Reporting
370094,0015CVV5PFX9JXM,Epic Systems Corporation,Beaker Reportable Labs Reporting
370097,0015CPP5T7R75ZX,MedAllies,MedAllies Direct Solutions™
370099,0015C4J0ZKW5KKJ,Epic Systems Corporation,EpicCare Inpatient Base
370100,0015CFG3Q10HY2V,"Inpriva, Inc.",hDirect Network Services
370106,0015CD44ZFB3ZJS,Epic Systems Corporation,EpicCare Inpatient Base
370112,0015CND5SVV3P54,Cerner Corporation,Electronic Case Reporting
370113,0015CD44ZFB3ZJS,Epic Systems Corporation,EpicCare Inpatient Base
370114,0015C5LFV335W0K,Cerner Corporation,Electronic Case Reporting
370149,0015CVV5PFX9JXM,Epic Systems Corporation,Beaker Reportable Labs Reporting
370158,0015CAT64R4633W,Epic Systems Corporation,Beaker Reportable Labs Reporting
370166,0015CT0PPT32RH0,Persivia,Persivia Platform
370170,0015C1MMM5G5HNW,Indian Health Service,Resource and Patient Management System Electronic Health Record
370171,0015CX9T5EFK8JC,Cerner Corporation,Antimicrobial Usage and Resistance Reporting
370172,nan,nan,
370173,0015C1MMM5G5HNW,Indian Health Service,Resource and Patient Management System Electronic Health Record
370178,nan,nan,
370180,0015CWD0UCD0JJL,Indian Health Service,Resource and Patient Management System Electronic Health Record
370183,0015C4J0ZKW5KKJ,Epic Systems Corporation,EpicCare Inpatient Base
370192,nan,nan,
370199,0015CD44ZFB3ZJS,Epic Systems Corporation,EpicCare Inpatient Base
370201,0015CKC1Z89XJV5,Cerner Corporation,HealtheLife
370202,0015C4J0ZKW5KKJ,Epic Systems Corporation,EpicCare Inpatient Base
370203,nan,nan,
370206,0015CYH7YGF07VN,"Inpriva, Inc.",hDirect Network Services
370210,0015CRF2SVW9J13,Cerner Corporation,Electronic Case Reporting
370211,0015CD44ZFB3ZJS,Epic Systems Corporation,EpicCare Inpatient Base
370212,0015C80E18RAW4X,Cerner Corporation,Electronic Case Reporting
370214,0015CFG3Q10HY2V,"Inpriva, Inc.",hDirect Network Services
370215,0015CK8LFN7PA56,Cerner Corporation,Antimicrobial Usage and Resistance Reporting
370216,0015C4J0ZKW5KKJ,Epic Systems Corporation,EpicCare Inpatient Base
370218,0015CWW3R9FPD02,Epic Systems Corporation,Beacon Cancer Registry Reporting
370220,nan,nan,
370222,0015CFG3Q10HY2V,"Inpriva, Inc.",hDirect Network Services
370225,0015CGN8A8ZDE47,"Park Avenue Capital, LLC dba MaxMD",MaxMD Direct mdEmail®
370227,0015C5LFV335W0K,Cerner Corporation,Electronic Case Reporting
370228,0015C4J0ZKW5KKJ,Epic Systems Corporation,EpicCare Inpatient Base
370234,0015CK8LFN7PA56,Cerner Corporation,Antimicrobial Usage and Resistance Reporting
370235,0015C5LFV335W0K,Cerner Corporation,Electronic Case Reporting
370236,0015CD44ZFB3ZJS,Epic Systems Corporation,EpicCare Inpatient Base
370237,0015CWW3R9FPD02,Epic Systems Corporation,Beacon Cancer Registry Reporting
370240,0015CD44ZFB3ZJS,Epic Systems Corporation,EpicCare Inpatient Base
370243,nan,nan,
370244,0015CET36JJQ20K,Epic Systems Corporation,Beacon Cancer Registry Reporting
370245,nan,nan,
370246,nan,nan,
371300,nan,nan,
371301,0015CFG3Q10HY2V,"Inpriva, Inc.",hDirect Network Services
371302,0015C4J0ZKW5KKJ,Epic Systems Corporation,EpicCare Inpatient Base
371303,0015CFG3Q10HY2V,"Inpriva, Inc.",hDirect Network Services
371304,0015C4J0ZKW5KKJ,Epic Systems Corporation,EpicCare Inpatient Base
371305,0015C5LFV335W0K,Cerner Corporation,Electronic Case Reporting
371306,0015C4J0ZKW5KKJ,Epic Systems Corporation,EpicCare Inpatient Base
371307,nan,nan,
371309,0015CFG3Q10HY2V,"Inpriva, Inc.",hDirect Network Services
371310,0015C4J0ZKW5KKJ,Epic Systems Corporation,EpicCare Inpatient Base
371311,0015CQR360JYR3R,"Park Avenue Capital, LLC dba MaxMD",MaxMD Direct mdEmail®
371312,0015C5LFV335W0K,Cerner Corporation,Electronic Case Reporting
371313,0015C4J0ZKW5KKJ,Epic Systems Corporation,EpicCare Inpatient Base
371314,0015CJK039JNC21,MedAllies,MedAllies Direct Solutions™
371316,0015CJK039JNC21,MedAllies,MedAllies Direct Solutions™
371317,0015C4J0ZKW5KKJ,Epic Systems Corporation,EpicCare Inpatient Base
371318,0015CJK039JNC21,MedAllies,MedAllies Direct Solutions™
371319,0015CYH7YGF07VN,"Inpriva, Inc.",hDirect Network Services
371320,0015CL3W4A5F43W,Cerner Corporation,Electronic Case Reporting
371321,0015C2RPV0AXM9J,Secure Exchange Solutions,SES Direct
371322,0015CAT64R4633W,Epic Systems Corporation,Beaker Reportable Labs Reporting
371323,0015CAT64R4633W,Epic Systems Corporation,Beaker Reportable Labs Reporting
371325,0015CAT64R4633W,Epic Systems Corporation,Beaker Reportable Labs Reporting
371326,0015CSU4PE5PV37,"InterOperability Bidco, Inc., d.b.a. Rhapsody",Rhapsody Integration Engine
371327,0015CAT64R4633W,Epic Systems Corporation,Beaker Reportable Labs Reporting
371328,0015CFG3Q10HY2V,"Inpriva, Inc.",hDirect Network Services
371329,0015CAT64R4633W,Epic Systems Corporation,Beaker Reportable Labs Reporting
371330,0015CFG3Q10HY2V,"Inpriva, Inc.",hDirect Network Services
371331,0015CFG3Q10HY2V,"Inpriva, Inc.",hDirect Network Services
371332,0015CFG3Q10HY2V,"Inpriva, Inc.",hDirect Network Services
371333,0015CET36JJQ20K,Epic Systems Corporation,Beacon Cancer Registry Reporting
371334,0015CFG3Q10HY2V,"Inpriva, Inc.",hDirect Network Services
371335,0015CFG3Q10HY2V,"Inpriva, Inc.",hDirect Network Services
371336,0015CAT64R4633W,Epic Systems Corporation,Beaker Reportable Labs Reporting
371337,0015CYH7YGF07VN,"Inpriva, Inc.",hDirect Network Services
371338,0015C5CAW5XQS1Q,"InterOperability Bidco, Inc., d.b.a. Rhapsody",Corepoint Integration Engine
371340,0015CFG3Q10HY2V,"Inpriva, Inc.",hDirect Network Services
371341,0015CUG5HNG8848,"Park Avenue Capital, LLC dba MaxMD",MaxMD Direct mdEmail®
371342,0015CQZ6TP3UNJ4,"Park Avenue Capital, LLC dba MaxMD",MaxMD Direct mdEmail®
373300,nan,nan,
373303,nan,nan,
380001,0015CHL24QZ8GAF,Epic Systems Corporation,Beacon Cancer Registry Reporting
380002,0015CJZ7U2P5UY2,Epic Systems Corporation,EpicCare Ambulatory Base
380004,0015CW6Z0A7YY4Z,Cerner Corporation,Electronic Lab Results
380005,0015CJZ7U2P5UY2,Epic Systems Corporation,EpicCare Ambulatory Base
380007,0015CGT3KVG9VNU,Cerner Corporation,HealthSentry
380009,0015CHL24QZ8GAF,Epic Systems Corporation,Beacon Cancer Registry Reporting
380014,0015CWW3R9FPD02,Epic Systems Corporation,Beacon Cancer Registry Reporting
380017,0015CGT3KVG9VNU,Cerner Corporation,HealthSentry
380018,0015CJZ7U2P5UY2,Epic Systems Corporation,EpicCare Ambulatory Base
380020,0015C8CHE73ABS5,Secure Exchange Solutions,SES Direct
380021,0015CHL24QZ8GAF,Epic Systems Corporation,Beacon Cancer Registry Reporting
380022,0015CWW3R9FPD02,Epic Systems Corporation,Beacon Cancer Registry Reporting
380025,0015CGT3KVG9VNU,Cerner Corporation,HealthSentry
380027,0015CJS8W0MV376,"Park Avenue Capital, LLC dba MaxMD",MaxMD Direct mdEmail®
380029,0015CGT3KVG9VNU,Cerner Corporation,HealthSentry
380037,0015CW6Z0A7YY4Z,Cerner Corporation,Electronic Lab Results
380038,0015CW6Z0A7YY4Z,Cerner Corporation,Electronic Lab Results
380047,0015CD44ZFB3ZJS,Epic Systems Corporation,EpicCare Inpatient Base
380050,0015CJZ7U2P5UY2,Epic Systems Corporation,EpicCare Ambulatory Base
380051,0015C4J0ZKW5KKJ,Epic Systems Corporation,EpicCare Inpatient Base
380052,0015C8XCN16R6V5,Epic Systems Corporation,Beacon Cancer Registry Reporting
380056,0015CD44ZFB3ZJS,Epic Systems Corporation,EpicCare Inpatient Base
380060,0015CHL24QZ8GAF,Epic Systems Corporation,Beacon Cancer Registry Reporting
380061,0015CW6Z0A7YY4Z,Cerner Corporation,Electronic Lab Results
380071,0015CE30CZD3LXB,MedAllies,MedAllies Direct Solutions™
380075,0015CW6Z0A7YY4Z,Cerner Corporation,Electronic Lab Results
380082,0015CW6Z0A7YY4Z,Cerner Corporation,Electronic Lab Results
380089,0015CGT3KVG9VNU,Cerner Corporation,HealthSentry
380090,0015CD44ZFB3ZJS,Epic Systems Corporation,EpicCare Inpatient Base
380091,0015CBA2R7RYM5R,Cerner Corporation,Electronic Lab Results
380102,0015CU48GML2XL5,Epic Systems Corporation,EpicCare Inpatient Base
380103,0015CBA2R7RYM5R,Cerner Corporation,Electronic Lab Results
381301,0015CU48GML2XL5,Epic Systems Corporation,EpicCare Inpatient Base
381302,0015CWW3R9FPD02,Epic Systems Corporation,Beacon Cancer Registry Reporting
381303,0015CW6Z0A7YY4Z,Cerner Corporation,Electronic Lab Results
381304,0015CFG3Q10HY2V,"Inpriva, Inc.",hDirect Network Services
381305,0015CW40F8CZL04,DrFirst,Rcopia
381306,0015CS3KXY9T5X3,Epic Systems Corporation,Beaker Reportable Labs Reporting
381307,0015C97XDZ8XB5U,Epic Systems Corporation,Beaker Reportable Labs Reporting
381308,0015C4J0ZKW5KKJ,Epic Systems Corporation,EpicCare Inpatient Base
381309,0015C80E18RAW4X,Cerner Corporation,Electronic Case Reporting
381310,0015CHM370L09W0,"Inpriva, Inc.",hDirect Network Services
381311,0015CUP1MAR3PAU,"Medical Information Technology, Inc. (MEDITECH)",MEDITECH Public Health Interface Electronic Case Reporting
381312,0015C3K3YJ2CSK4,Cerner Corporation,Electronic Case Reporting
381313,0015CD44ZFB3ZJS,Epic Systems Corporation,EpicCare Inpatient Base
381314,0015CWW3R9FPD02,Epic Systems Corporation,Beacon Cancer Registry Reporting
381315,0015C8XCN16R6V5,Epic Systems Corporation,Beacon Cancer Registry Reporting
381316,0015CU48GML2XL5,Epic Systems Corporation,EpicCare Inpatient Base
381317,0015C157LEG45RH,Cerner Corporation,Electronic Case Reporting
381318,0015CW6Z0A7YY4Z,Cerner Corporation,Electronic Lab Results
381319,0015C2VNF1ELN26,"Park Avenue Capital, LLC dba MaxMD",MaxMD Direct mdEmail®
381320,0015CLT8S0A3MT6,Cerner Corporation,Electronic Case Reporting
381321,0015C4H2WUK0S3A,Epic Systems Corporation,Beacon Cancer Registry Reporting
381322,0015CFG3Q10HY2V,"Inpriva, Inc.",hDirect Network Services
381323,0015CWW3R9FPD02,Epic Systems Corporation,Beacon Cancer Registry Reporting
381324,0015CD44ZFB3ZJS,Epic Systems Corporation,EpicCare Inpatient Base
381325,0015CD44ZFB3ZJS,Epic Systems Corporation,EpicCare Inpatient Base
383300,nan,nan,
390001,0015CTU9MP4EP7C,Epic Systems Corporation,Beaker Reportable Labs Reporting
390002,0015C4F9W7075HE,Cerner Corporation,Electronic Case Reporting
390003,0015CTU9MP4EP7C,Epic Systems Corporation,Beaker Reportable Labs Reporting
390004,0015CSZ1D3D119Q,Imprivata,Imprivata FairWarning
390006,0015CTU9MP4EP7C,Epic Systems Corporation,Beaker Reportable Labs Reporting
390009,0015C8XCN16R6V5,Epic Systems Corporation,Beacon Cancer Registry Reporting
390012,0015CYT94LS81XV,Epic Systems Corporation,Beacon Cancer Registry Reporting
390013,0015CTU9MP4EP7C,Epic Systems Corporation,Beaker Reportable Labs Reporting
390016,0015C4F9W7075HE,Cerner Corporation,Electronic Case Reporting
390025,nan,nan,
390026,0015C1KME3Y3KQX,Epic Systems Corporation,Beacon Cancer Registry Reporting
390027,0015C1KME3Y3KQX,Epic Systems Corporation,Beacon Cancer Registry Reporting
390028,0015C4F9W7075HE,Cerner Corporation,Electronic Case Reporting
390030,0015CSC3LJ4K3LJ,Epic Systems Corporation,Beaker Reportable Labs Reporting
390032,0015C8XCN16R6V5,Epic Systems Corporation,Beacon Cancer Registry Reporting
390035,0015CU4K22JVL8J,Epic Systems Corporation,Beacon Cancer Registry Reporting
390036,0015CW4VMW3NMY3,Altera Digital Health Inc.,Sunrise Acute Care
390037,0015CW4VMW3NMY3,Altera Digital Health Inc.,Sunrise Acute Care
390039,0015CXU4EPK3R85,Veradigm,Veradigm FollowMyHealth®
390041,0015CHA9ZLS6ELS,Epic Systems Corporation,Beacon Cancer Registry Reporting
390042,0015C4NUX48Q6DY,Altera Digital Health Inc.,Sunrise Acute Care
390044,0015CWW3R9FPD02,Epic Systems Corporation,Beacon Cancer Registry Reporting
390045,0015C4F9W7075HE,Cerner Corporation,Electronic Case Reporting
390046,0015C4813GJT60L,Epic Systems Corporation,EpicCare Ambulatory Base
390048,0015CTU9MP4EP7C,Epic Systems Corporation,Beaker Reportable Labs Reporting
390049,0015CU4K22JVL8J,Epic Systems Corporation,Beacon Cancer Registry Reporting
390050,0015C8XCN16R6V5,Epic Systems Corporation,Beacon Cancer Registry Reporting
390056,0015CSZ2VTV7WY6,Cerner Corporation,Electronic Case Reporting
390057,0015CT0RVT6B28E,NextGen Healthcare,NextGen Enterprise EHR
390058,0015CYT94LS81XV,Epic Systems Corporation,Beacon Cancer Registry Reporting
390062,0015CYT94LS81XV,Epic Systems Corporation,Beacon Cancer Registry Reporting
390063,0015C4F9W7075HE,Cerner Corporation,Electronic Case Reporting
390065,0015C4813GJT60L,Epic Systems Corporation,EpicCare Ambulatory Base
390066,0015C4813GJT60L,Epic Systems Corporation,EpicCare Ambulatory Base
390067,0015CYT94LS81XV,Epic Systems Corporation,Beacon Cancer Registry Reporting
390068,0015CYT94LS81XV,Epic Systems Corporation,Beacon Cancer Registry Reporting
390070,0015C4H2WUK0S3A,Epic Systems Corporation,Beacon Cancer Registry Reporting
390073,0015C4F9W7075HE,Cerner Corporation,Electronic Case Reporting
390079,0015CS2TT1R8X1C,Epic Systems Corporation,Beacon Cancer Registry Reporting
390086,0015CSZ2VTV7WY6,Cerner Corporation,Electronic Case Reporting
390090,0015C8XCN16R6V5,Epic Systems Corporation,Beacon Cancer Registry Reporting
390091,0015C4F9W7075HE,Cerner Corporation,Electronic Case Reporting
390093,0015CE4ZXJ0FKT5,Secure Exchange Solutions,SES Direct
390096,0015CSZ1D3D119Q,Imprivata,Imprivata FairWarning
390097,0015C5DCT5CRU2U,Cerner Corporation,Soarian Clinicals
390100,0015C5WYS2JAT3Z,Epic Systems Corporation,Electronic Case Reporting
390101,0015CYT94LS81XV,Epic Systems Corporation,Beacon Cancer Registry Reporting
390102,0015C4F9W7075HE,Cerner Corporation,Electronic Case Reporting
390104,0015CW40F8CZL04,DrFirst,Rcopia
390107,0015C4F9W7075HE,Cerner Corporation,Electronic Case Reporting
390110,0015CYT94LS81XV,Epic Systems Corporation,Beacon Cancer Registry Reporting
390111,0015C2CST3XC8M3,Epic Systems Corporation,EpicCare Inpatient Base
390112,0015C3XDJ1Q9R1R,Secure Exchange Solutions,SES Direct
390113,0015CDQ4NT0CME6,Secure Exchange Solutions,SES Direct
390114,0015C4F9W7075HE,Cerner Corporation,Electronic Case Reporting
390115,0015CYT94LS81XV,Epic Systems Corporation,Beacon Cancer Registry Reporting
390116,0015C4H2WUK0S3A,Epic Systems Corporation,Beacon Cancer Registry Reporting
390117,0015C4F9W7075HE,Cerner Corporation,Electronic Case Reporting
390123,0015CWW3R9FPD02,Epic Systems Corporation,Beacon Cancer Registry Reporting
390125,0015CMK0R40U06V,Secure Exchange Solutions,SES Direct
390127,0015CWW3R9FPD02,Epic Systems Corporation,Beacon Cancer Registry Reporting
390133,0015CSC3LJ4K3LJ,Epic Systems Corporation,Beaker Reportable Labs Reporting
390137,0015CPE9ARQ008M,Imprivata,Imprivata FairWarning
390138,0015C4813GJT60L,Epic Systems Corporation,EpicCare Ambulatory Base
390139,0015CD44ZFB3ZJS,Epic Systems Corporation,EpicCare Inpatient Base
390142,0015CXG91Q2CMQ1,Cerner Corporation,Electronic Case Reporting
390145,0015CSW04H3R5S7,Becton Dickinson and Company,HealthSight Advisors
390146,0015CYR5FGF4VFT,DrFirst,Rcopia
390147,0015CB4GEP7D6GC,"Surescripts, LLC",Surescripts Clinical Direct Messaging
390150,0015C4NUX48Q6DY,Altera Digital Health Inc.,Sunrise Acute Care
390151,0015C4813GJT60L,Epic Systems Corporation,EpicCare Ambulatory Base
390153,0015CD44ZFB3ZJS,Epic Systems Corporation,EpicCare Inpatient Base
390156,0015C8XCN16R6V5,Epic Systems Corporation,Beacon Cancer Registry Reporting
390160,0015C8XCN16R6V5,Epic Systems Corporation,Beacon Cancer Registry Reporting
390162,0015CU4K22JVL8J,Epic Systems Corporation,Beacon Cancer Registry Reporting
390163,0015CLA44R5GBV6,EMR Direct,Interoperability Engine
390164,0015C4F9W7075HE,Cerner Corporation,Electronic Case Reporting
390168,0015CE4ZXJ0FKT5,Secure Exchange Solutions,SES Direct
390173,0015C6KNL4KA1RT,Cerner Corporation,Electronic Case Reporting
390174,0015CYT94LS81XV,Epic Systems Corporation,Beacon Cancer Registry Reporting
390178,0015C4F9W7075HE,Cerner Corporation,Electronic Case Reporting
390179,0015C2CST3XC8M3,Epic Systems Corporation,EpicCare Inpatient Base
390180,0015CFR5DB8JFH2,Cerner Corporation,Electronic Case Reporting
390183,0015CU4K22JVL8J,Epic Systems Corporation,Beacon Cancer Registry Reporting
390184,nan,nan,
390185,0015CSC3LJ4K3LJ,Epic Systems Corporation,Beaker Reportable Labs Reporting
390195,0015CD44ZFB3ZJS,Epic Systems Corporation,EpicCare Inpatient Base
390198,0015CL5A7NHJ2PF,"DataMotion, Inc.",DataMotion Direct
390199,0015CQH8MT2B8LA,"Park Avenue Capital, LLC dba MaxMD",MaxMD Direct mdEmail®
390201,0015CSC3LJ4K3LJ,Epic Systems Corporation,Beaker Reportable Labs Reporting
390203,0015C59X2LHC8S3,MedAllies,MedAllies Direct Solutions™
390204,0015C8XCN16R6V5,Epic Systems Corporation,Beacon Cancer Registry Reporting
390211,0015C28CYJ5LLF4,"DataMotion, Inc.",DataMotion Direct
390217,0015CSW04H3R5S7,Becton Dickinson and Company,HealthSight Advisors
390219,0015CSW04H3R5S7,Becton Dickinson and Company,HealthSight Advisors
390222,0015CD44ZFB3ZJS,Epic Systems Corporation,EpicCare Inpatient Base
390223,0015C2CST3XC8M3,Epic Systems Corporation,EpicCare Inpatient Base
390225,0015C4813GJT60L,Epic Systems Corporation,EpicCare Ambulatory Base
390226,0015C2CST3XC8M3,Epic Systems Corporation,EpicCare Inpatient Base
390228,0015CF2C9MW8EHH,Altera Digital Health Inc.,Sunrise Acute Care
390231,0015CYT94LS81XV,Epic Systems Corporation,Beacon Cancer Registry Reporting
390233,0015CYT94LS81XV,Epic Systems Corporation,Beacon Cancer Registry Reporting
390237,0015CPE9ARQ008M,Imprivata,Imprivata FairWarning
390256,0015CSZ1D3D119Q,Imprivata,Imprivata FairWarning
390258,0015C8XCN16R6V5,Epic Systems Corporation,Beacon Cancer Registry Reporting
390265,0015C8XCN16R6V5,Epic Systems Corporation,Beacon Cancer Registry Reporting
390266,0015C8XCN16R6V5,Epic Systems Corporation,Beacon Cancer Registry Reporting
390267,0015C8XCN16R6V5,Epic Systems Corporation,Beacon Cancer Registry Reporting
390268,0015CJ1TNC3P2D8,Persivia,Persivia Platform
390270,0015CTU9MP4EP7C,Epic Systems Corporation,Beaker Reportable Labs Reporting
390272,nan,nan,
390278,nan,nan,
390304,0015C4H2WUK0S3A,Epic Systems Corporation,Beacon Cancer Registry Reporting
390307,0015CFG3Q10HY2V,"Inpriva, Inc.",hDirect Network Services
390316,0015CFG3Q10HY2V,"Inpriva, Inc.",hDirect Network Services
390322,0015CMZ172UYZ2N,NextGen Healthcare,NextGen Direct Messaging
390323,0015CFG3Q10HY2V,"Inpriva, Inc.",hDirect Network Services
390324,nan,nan,
390325,0015C7ZEJ6BU1C3,"Inpriva, Inc.",hDirect Network Services
390326,0015CU4K22JVL8J,Epic Systems Corporation,Beacon Cancer Registry Reporting
390327,0015C4813GJT60L,Epic Systems Corporation,EpicCare Ambulatory Base
390328,0015C4F9W7075HE,Cerner Corporation,Electronic Case Reporting
390329,0015CXG91Q2CMQ1,Cerner Corporation,Electronic Case Reporting
390330,0015CU4K22JVL8J,Epic Systems Corporation,Beacon Cancer Registry Reporting
390331,nan,nan,
390332,0015CU4K22JVL8J,Epic Systems Corporation,Beacon Cancer Registry Reporting
390333,0015C8XCN16R6V5,Epic Systems Corporation,Beacon Cancer Registry Reporting
390334,0015C8XCN16R6V5,Epic Systems Corporation,Beacon Cancer Registry Reporting
390335,0015CU4K22JVL8J,Epic Systems Corporation,Beacon Cancer Registry Reporting
390336,0015CSZ1D3D119Q,Imprivata,Imprivata FairWarning
390337,0015CTU9MP4EP7C,Epic Systems Corporation,Beaker Reportable Labs Reporting
390338,0015CSC3LJ4K3LJ,Epic Systems Corporation,Beaker Reportable Labs Reporting
390339,0015CSZ1D3D119Q,Imprivata,Imprivata FairWarning
390430,nan,nan,
391300,0015CTU9MP4EP7C,Epic Systems Corporation,Beaker Reportable Labs Reporting
391301,0015C4F9W7075HE,Cerner Corporation,Electronic Case Reporting
391302,0015CYT94LS81XV,Epic Systems Corporation,Beacon Cancer Registry Reporting
391303,0015CTA71RA982F,Orion Health,Communicate
391304,nan,nan,
391305,0015CS2TT1R8X1C,Epic Systems Corporation,Beacon Cancer Registry Reporting
391306,nan,nan,
391307,0015CSZ2VTV7WY6,Cerner Corporation,Electronic Case Reporting
391308,0015C7ZEJ6BU1C3,"Inpriva, Inc.",hDirect Network Services
391309,0015CFG3Q10HY2V,"Inpriva, Inc.",hDirect Network Services
391312,0015CSZ2VTV7WY6,Cerner Corporation,Electronic Case Reporting
391313,0015CSB4Y1BMG1U,Secure Exchange Solutions,SES Direct
391314,0015CDQ4NT0CME6,Secure Exchange Solutions,SES Direct
391315,0015CSZ2VTV7WY6,Cerner Corporation,Electronic Case Reporting
391316,0015C4F9W7075HE,Cerner Corporation,Electronic Case Reporting
391317,0015CYT94LS81XV,Epic Systems Corporation,Beacon Cancer Registry Reporting
393302,nan,nan,
393303,nan,nan,
393304,nan,nan,
393307,nan,nan,
393309,nan,nan,
400001,0015CFX08VG5AXH,"DataMotion, Inc.",DataMotion Direct
400003,0015CHH2AAH53VH,"Dynamic Health IT, Inc",ConnectEHR +BulkFHIR
400004,nan,nan,
400005,0015CLL9VAX6EZQ,Sabiamed Corporation,ClinNext 10
400006,0015CKP6KWF4UW0,"DataMotion, Inc.",DataMotion Direct
400007,0015C917BEA0FB5,DrFirst,Rcopia
40001,0015CR8535UDY24,"InterOperability Bidco, Inc., d.b.a. Rhapsody",Rhapsody Integration Engine
400010,nan,nan,
400011,0015CS7XK0W87PF,"DataMotion, Inc.",DataMotion Direct
400012,nan,nan,
400013,0015CS7XK0W87PF,"DataMotion, Inc.",DataMotion Direct
400014,0015CA45TU33P9R,MedAllies,MedAllies Direct Solutions™
400015,0015C917BEA0FB5,DrFirst,Rcopia
400016,nan,nan,
400018,0015CS7XK0W87PF,"DataMotion, Inc.",DataMotion Direct
400019,0015CHH2AAH53VH,"Dynamic Health IT, Inc",ConnectEHR +BulkFHIR
40002,0015CLL9BFC6CSF,"DataMotion, Inc.",DataMotion Direct
400021,0015C720UFM119U,DrFirst,Rcopia
400022,0015C917BEA0FB5,DrFirst,Rcopia
400032,0015CYN11UCD45P,"DataMotion, Inc.",DataMotion Direct
40004,0015CBK38PFT73K,Cerner Corporation,Electronic Case Reporting
400044,0015CZ5HQA3QUJ3,"EndoSoft, LLC",EndoVault
400048,0015CS7XK0W87PF,"DataMotion, Inc.",DataMotion Direct
400061,nan,nan,
40007,0015CU2LP5KVN3H,Cerner Corporation,Electronic Case Reporting
400079,0015C917BEA0FB5,DrFirst,Rcopia
400087,0015CHH2AAH53VH,"Dynamic Health IT, Inc",ConnectEHR +BulkFHIR
400098,0015CHH2AAH53VH,"Dynamic Health IT, Inc",ConnectEHR +BulkFHIR
40010,0015C4J0ZKW5KKJ,Epic Systems Corporation,EpicCare Inpatient Base
400102,0015CKP6KWF4UW0,"DataMotion, Inc.",DataMotion Direct
400103,0015CYN11UCD45P,"DataMotion, Inc.",DataMotion Direct
400104,0015CS7XK0W87PF,"DataMotion, Inc.",DataMotion Direct
400105,nan,nan,
400106,0015CHH2AAH53VH,"Dynamic Health IT, Inc",ConnectEHR +BulkFHIR
400109,0015CLL9VAX6EZQ,Sabiamed Corporation,ClinNext 10
40011,0015CFG3Q10HY2V,"Inpriva, Inc.",hDirect Network Services
400110,0015CHH2AAH53VH,"Dynamic Health IT, Inc",ConnectEHR +BulkFHIR
400111,nan,nan,
400112,0015C8CHE73ABS5,Secure Exchange Solutions,SES Direct
400113,0015CS7XK0W87PF,"DataMotion, Inc.",DataMotion Direct
400114,0015CYN11UCD45P,"DataMotion, Inc.",DataMotion Direct
400115,0015CR6J0TAK0V7,"DataMotion, Inc.",DataMotion Direct
400117,0015CHH2AAH53VH,"Dynamic Health IT, Inc",ConnectEHR +BulkFHIR
400118,0015CKP6KWF4UW0,"DataMotion, Inc.",DataMotion Direct
400120,0015CLA5J01BVJ6,Sabiamed Corporation,ClinNext 10
400122,0015CKX0JW40CCE,"Infomedika, Inc.",Evolution EHR
400123,0015CHH2AAH53VH,"Dynamic Health IT, Inc",ConnectEHR +BulkFHIR
400124,nan,nan,
400126,0015CHH2AAH53VH,"Dynamic Health IT, Inc",ConnectEHR +BulkFHIR
400127,nan,nan,
400128,0015CHH2AAH53VH,"Dynamic Health IT, Inc",ConnectEHR +BulkFHIR
400130,nan,nan,
400131,0015C917BEA0FB5,DrFirst,Rcopia
400132,0015CKP6KWF4UW0,"DataMotion, Inc.",DataMotion Direct
400134,0015C44X5DUB66S,"DataMotion, Inc.",DataMotion Direct
400135,nan,nan,
400136,nan,nan,
400137,0015CLG22RSC84T,MedAllies,MedAllies Direct Solutions™
400138,nan,nan,
400139,nan,nan,
40014,0015C6K0NZ9XFK8,"Inpriva, Inc.",hDirect Network Services
40015,0015CFG3Q10HY2V,"Inpriva, Inc.",hDirect Network Services
40016,0015C257B7545Y1,Epic Systems Corporation,Beacon Cancer Registry Reporting
40017,0015C7G1W5TK50F,NextGen Healthcare,NextGen Direct Messaging
40018,0015CJ0Y3UMW0HN,Epic Systems Corporation,Electronic Case Reporting
40019,0015C8CHE73ABS5,Secure Exchange Solutions,SES Direct
40020,0015CUB5R65YGA6,MedAllies,MedAllies Direct Solutions™
40022,0015CPE9ARQ008M,Imprivata,Imprivata FairWarning
40026,0015C4J0ZKW5KKJ,Epic Systems Corporation,EpicCare Inpatient Base
40027,0015CAP2SWL42X3,Cerner Corporation,Electronic Case Reporting
40029,0015C7KPC5GW1G3,DrFirst,Rcopia
40036,0015CJ0Y3UMW0HN,Epic Systems Corporation,Electronic Case Reporting
40039,0015CFG3Q10HY2V,"Inpriva, Inc.",hDirect Network Services
40041,0015CE30CZD3LXB,MedAllies,MedAllies Direct Solutions™
40050,0015C8CHE73ABS5,Secure Exchange Solutions,SES Direct
40051,0015CFG3Q10HY2V,"Inpriva, Inc.",hDirect Network Services
40055,0015CJ0Y3UMW0HN,Epic Systems Corporation,Electronic Case Reporting
40062,0015C4J0ZKW5KKJ,Epic Systems Corporation,EpicCare Inpatient Base
40067,0015CFG3Q10HY2V,"Inpriva, Inc.",hDirect Network Services
40069,0015CX112ZVK0ZX,Secure Exchange Solutions,SES Direct
40071,0015C1SM0B8G4AU,Altera Digital Health Inc.,Sunrise Acute Care
40072,0015CJ0Y3UMW0HN,Epic Systems Corporation,Electronic Case Reporting
40076,0015CJ0Y3UMW0HN,Epic Systems Corporation,Electronic Case Reporting
40078,0015CXU35TXJ82Q,MedAllies,MedAllies Direct Solutions™
40084,0015CX1FLT3QKM3,Picis PulseCheck,PulseCheck ED
40088,0015CR8535UDY24,"InterOperability Bidco, Inc., d.b.a. Rhapsody",Rhapsody Integration Engine
40114,0015CJ0Y3UMW0HN,Epic Systems Corporation,Electronic Case Reporting
40118,0015C5HKP92HQ7U,Epic Systems Corporation,EpicCare Inpatient Base
40119,0015C5CRE80MBV4,NextGen Healthcare,NextGen Direct Messaging
40132,nan,nan,
40134,0015C5KQA8EDE40,Cerner Corporation,Soarian Clinicals
40137,0015CU2LP5KVN3H,Cerner Corporation,Electronic Case Reporting
40147,0015CK8XP6T01K8,Secure Exchange Solutions,SES Direct
40153,0015C28CYJ5LLF4,"DataMotion, Inc.",DataMotion Direct
40154,0015CJ0Y3UMW0HN,Epic Systems Corporation,Electronic Case Reporting
40156,0015C5HKP92HQ7U,Epic Systems Corporation,EpicCare Inpatient Base
40161,0015C5KQA8EDE40,Cerner Corporation,Soarian Clinicals
40164,nan,nan,
403301,nan,nan,
410004,0015CDF5PY4TJP8,"Park Avenue Capital, LLC dba MaxMD",MaxMD Direct mdEmail®
410005,0015CDF5PY4TJP8,"Park Avenue Capital, LLC dba MaxMD",MaxMD Direct mdEmail®
410006,0015CMR2H5W8V1L,Epic Systems Corporation,Electronic Case Reporting
410007,0015CMR2H5W8V1L,Epic Systems Corporation,Electronic Case Reporting
410008,0015C232RB5011D,"Inpriva, Inc.",hDirect Network Services
410009,0015CEZ6FY4WR6V,Cerner Corporation,Millennium (CQMs)
410010,0015CEZ6FY4WR6V,Cerner Corporation,Millennium (CQMs)
410011,0015C4H2WUK0S3A,Epic Systems Corporation,Beacon Cancer Registry Reporting
410012,0015CMR2H5W8V1L,Epic Systems Corporation,Electronic Case Reporting
410013,0015C257B7545Y1,Epic Systems Corporation,Beacon Cancer Registry Reporting
41300,0015C4J0ZKW5KKJ,Epic Systems Corporation,EpicCare Inpatient Base
41302,0015C7KPC5GW1G3,DrFirst,Rcopia
41303,0015C4J0ZKW5KKJ,Epic Systems Corporation,EpicCare Inpatient Base
41305,0015C4J0ZKW5KKJ,Epic Systems Corporation,EpicCare Inpatient Base
41306,0015CFG3Q10HY2V,"Inpriva, Inc.",hDirect Network Services
41307,0015CUB5R65YGA6,MedAllies,MedAllies Direct Solutions™
41308,0015CFG3Q10HY2V,"Inpriva, Inc.",hDirect Network Services
41309,0015CUB5R65YGA6,MedAllies,MedAllies Direct Solutions™
41310,0015C5CRE80MBV4,NextGen Healthcare,NextGen Direct Messaging
41311,0015CRS51LEA95Z,"Inpriva, Inc.",hDirect Network Services
41312,0015CJ0Y3UMW0HN,Epic Systems Corporation,Electronic Case Reporting
41313,0015C7URE9RTG1U,"Inpriva, Inc.",hDirect Network Services
41317,nan,nan,
41318,0015C4J0ZKW5KKJ,Epic Systems Corporation,EpicCare Inpatient Base
41320,0015CT0PPT32RH0,Persivia,Persivia Platform
41321,0015CJ0Y3UMW0HN,Epic Systems Corporation,Electronic Case Reporting
41322,nan,nan,
41323,0015CFG3Q10HY2V,"Inpriva, Inc.",hDirect Network Services
41324,0015CU2LP5KVN3H,Cerner Corporation,Electronic Case Reporting
41326,0015CFG3Q10HY2V,"Inpriva, Inc.",hDirect Network Services
41327,0015CFG3Q10HY2V,"Inpriva, Inc.",hDirect Network Services
41328,0015CFG3Q10HY2V,"Inpriva, Inc.",hDirect Network Services
41329,0015C4J0ZKW5KKJ,Epic Systems Corporation,EpicCare Inpatient Base
41330,0015CFG3Q10HY2V,"Inpriva, Inc.",hDirect Network Services
41331,0015CP587BP0W9H,"Inpriva, Inc.",hDirect Network Services
41332,nan,nan,
41333,nan,nan,
420002,0015CLT8S0A3MT6,Cerner Corporation,Electronic Case Reporting
420004,0015C2DDX89TPT7,Epic Systems Corporation,Beacon Cancer Registry Reporting
420005,0015C37GF5EE7ZL,Epic Systems Corporation,Beacon Cancer Registry Reporting
420007,0015CYA85WUZ6AJ,Epic Systems Corporation,EpicCare Inpatient Base
420009,0015C4J0ZKW5KKJ,Epic Systems Corporation,EpicCare Inpatient Base
420010,0015CUR4EAF5ZKZ,MedAllies,MedAllies Direct Solutions™
420011,0015CRT7Y4XJX42,Epic Systems Corporation,Beacon Cancer Registry Reporting
420015,0015C4J0ZKW5KKJ,Epic Systems Corporation,EpicCare Inpatient Base
420018,0015C4J0ZKW5KKJ,Epic Systems Corporation,EpicCare Inpatient Base
420019,0015C2DDX89TPT7,Epic Systems Corporation,Beacon Cancer Registry Reporting
420020,nan,nan,
420023,0015C4J0ZKW5KKJ,Epic Systems Corporation,EpicCare Inpatient Base
420026,0015C2DDX89TPT7,Epic Systems Corporation,Beacon Cancer Registry Reporting
420027,0015CRT7Y4XJX42,Epic Systems Corporation,Beacon Cancer Registry Reporting
420030,0015C622YQ4JDC3,"Surescripts, LLC",Surescripts Clinical Direct Messaging
420033,0015C4J0ZKW5KKJ,Epic Systems Corporation,EpicCare Inpatient Base
420036,0015C2DDX89TPT7,Epic Systems Corporation,Beacon Cancer Registry Reporting
420037,0015C4J0ZKW5KKJ,Epic Systems Corporation,EpicCare Inpatient Base
420038,0015C4J0ZKW5KKJ,Epic Systems Corporation,EpicCare Inpatient Base
420043,0015CYA85WUZ6AJ,Epic Systems Corporation,EpicCare Inpatient Base
420048,0015C2DDX89TPT7,Epic Systems Corporation,Beacon Cancer Registry Reporting
420049,0015CFR3QTF4M95,Cerner Corporation,Electronic Lab Results
420051,0015C37GF5EE7ZL,Epic Systems Corporation,Beacon Cancer Registry Reporting
420053,nan,nan,
420055,0015C2DDX89TPT7,Epic Systems Corporation,Beacon Cancer Registry Reporting
420065,0015C4J0ZKW5KKJ,Epic Systems Corporation,EpicCare Inpatient Base
420067,0015CW5A59QBT9K,DrFirst,Rcopia
420070,0015C4J0ZKW5KKJ,Epic Systems Corporation,EpicCare Inpatient Base
420071,0015C97XDZ8XB5U,Epic Systems Corporation,Beaker Reportable Labs Reporting
420072,nan,nan,
420073,0015CK5UZP40BNB,"InterOperability Bidco, Inc., d.b.a. Rhapsody",Corepoint Integration Engine
420078,0015C4J0ZKW5KKJ,Epic Systems Corporation,EpicCare Inpatient Base
420079,0015C622YQ4JDC3,"Surescripts, LLC",Surescripts Clinical Direct Messaging
420080,0015CLT8S0A3MT6,Cerner Corporation,Electronic Case Reporting
420082,0015CQC4AND9RQT,Cerner Corporation,Antimicrobial Usage and Resistance Reporting
420085,0015C622YQ4JDC3,"Surescripts, LLC",Surescripts Clinical Direct Messaging
420086,0015C4J0ZKW5KKJ,Epic Systems Corporation,EpicCare Inpatient Base
420087,0015C4J0ZKW5KKJ,Epic Systems Corporation,EpicCare Inpatient Base
420089,0015CLT8S0A3MT6,Cerner Corporation,Electronic Case Reporting
420091,0015C2DDX89TPT7,Epic Systems Corporation,Beacon Cancer Registry Reporting
420098,nan,nan,
420101,0015CLT8S0A3MT6,Cerner Corporation,Electronic Case Reporting
420102,0015C4J0ZKW5KKJ,Epic Systems Corporation,EpicCare Inpatient Base
420103,0015CYA85WUZ6AJ,Epic Systems Corporation,EpicCare Inpatient Base
420104,0015C4J0ZKW5KKJ,Epic Systems Corporation,EpicCare Inpatient Base
420105,0015C37GF5EE7ZL,Epic Systems Corporation,Beacon Cancer Registry Reporting
420106,0015C4J0ZKW5KKJ,Epic Systems Corporation,EpicCare Inpatient Base
420107,0015C37GF5EE7ZL,Epic Systems Corporation,Beacon Cancer Registry Reporting
420108,0015CYA85WUZ6AJ,Epic Systems Corporation,EpicCare Inpatient Base
420109,0015C37GF5EE7ZL,Epic Systems Corporation,Beacon Cancer Registry Reporting
420110,0015C4J0ZKW5KKJ,Epic Systems Corporation,EpicCare Inpatient Base
421300,nan,nan,
421301,0015CT0PPT32RH0,Persivia,Persivia Platform
421304,nan,nan,
423300,nan,nan,
430005,0015CFG3Q10HY2V,"Inpriva, Inc.",hDirect Network Services
430008,0015CJ1HAB8N8YU,"Medical Information Technology, Inc. (MEDITECH)",MEDITECH Patient and Consumer Health Portal
430012,0015CJ1HAB8N8YU,"Medical Information Technology, Inc. (MEDITECH)",MEDITECH Patient and Consumer Health Portal
430014,0015CJ1HAB8N8YU,"Medical Information Technology, Inc. (MEDITECH)",MEDITECH Patient and Consumer Health Portal
430015,0015CJ1HAB8N8YU,"Medical Information Technology, Inc. (MEDITECH)",MEDITECH Patient and Consumer Health Portal
430016,0015CJ1HAB8N8YU,"Medical Information Technology, Inc. (MEDITECH)",MEDITECH Patient and Consumer Health Portal
430027,0015CHL24QZ8GAF,Epic Systems Corporation,Beacon Cancer Registry Reporting
430048,0015C4J0ZKW5KKJ,Epic Systems Corporation,EpicCare Inpatient Base
430077,0015C4J0ZKW5KKJ,Epic Systems Corporation,EpicCare Inpatient Base
430084,0015CWD0UCD0JJL,Indian Health Service,Resource and Patient Management System Electronic Health Record
430089,0015CPA1WB1RYG8,"Medical Information Technology, Inc. (MEDITECH)",MEDITECH Public Health Interface Electronic Case Reporting
430090,0015CXC1UU1C0DT,"Premier Healthcare Solutions, Inc.",eCQM Calculator
430091,0015CFG3Q10HY2V,"Inpriva, Inc.",hDirect Network Services
430093,0015CD44ZFB3ZJS,Epic Systems Corporation,EpicCare Inpatient Base
430095,0015CJ1HAB8N8YU,"Medical Information Technology, Inc. (MEDITECH)",MEDITECH Patient and Consumer Health Portal
430097,0015CHL24QZ8GAF,Epic Systems Corporation,Beacon Cancer Registry Reporting
430098,0015CWD0UCD0JJL,Indian Health Service,Resource and Patient Management System Electronic Health Record
430099,nan,nan,
431300,0015CW40F8CZL04,DrFirst,Rcopia
431301,0015C42C2MMY2TK,Cerner Corporation,Electronic Case Reporting
431302,0015CJ1HAB8N8YU,"Medical Information Technology, Inc. (MEDITECH)",MEDITECH Patient and Consumer Health Portal
431305,0015CHL24QZ8GAF,Epic Systems Corporation,Beacon Cancer Registry Reporting
431306,0015CJ1HAB8N8YU,"Medical Information Technology, Inc. (MEDITECH)",MEDITECH Patient and Consumer Health Portal
431307,0015CHL24QZ8GAF,Epic Systems Corporation,Beacon Cancer Registry Reporting
431308,0015CJ1HAB8N8YU,"Medical Information Technology, Inc. (MEDITECH)",MEDITECH Patient and Consumer Health Portal
431309,0015CHL24QZ8GAF,Epic Systems Corporation,Beacon Cancer Registry Reporting
431310,0015CJ1HAB8N8YU,"Medical Information Technology, Inc. (MEDITECH)",MEDITECH Patient and Consumer Health Portal
431311,0015CHL24QZ8GAF,Epic Systems Corporation,Beacon Cancer Registry Reporting
431312,0015CJ1HAB8N8YU,"Medical Information Technology, Inc. (MEDITECH)",MEDITECH Patient and Consumer Health Portal
431313,0015CJ1HAB8N8YU,"Medical Information Technology, Inc. (MEDITECH)",MEDITECH Patient and Consumer Health Portal
431314,0015CP587BP0W9H,"Inpriva, Inc.",hDirect Network Services
431315,0015CJ1HAB8N8YU,"Medical Information Technology, Inc. (MEDITECH)",MEDITECH Patient and Consumer Health Portal
431316,0015CJ1HAB8N8YU,"Medical Information Technology, Inc. (MEDITECH)",MEDITECH Patient and Consumer Health Portal
431317,0015CJ1HAB8N8YU,"Medical Information Technology, Inc. (MEDITECH)",MEDITECH Patient and Consumer Health Portal
431318,0015CJ1HAB8N8YU,"Medical Information Technology, Inc. (MEDITECH)",MEDITECH Patient and Consumer Health Portal
431319,0015C9QWN8NXF2S,Epic Systems Corporation,EpicCare Inpatient Base
431320,0015C4J0ZKW5KKJ,Epic Systems Corporation,EpicCare Inpatient Base
431321,0015C4J0ZKW5KKJ,Epic Systems Corporation,EpicCare Inpatient Base
431322,0015CU63GY58X0S,Epic Systems Corporation,Beaker Reportable Labs Reporting
431323,0015C4J0ZKW5KKJ,Epic Systems Corporation,EpicCare Inpatient Base
431324,0015CJ1HAB8N8YU,"Medical Information Technology, Inc. (MEDITECH)",MEDITECH Patient and Consumer Health Portal
431325,0015CLT8S0A3MT6,Cerner Corporation,Electronic Case Reporting
431326,0015CJ1HAB8N8YU,"Medical Information Technology, Inc. (MEDITECH)",MEDITECH Patient and Consumer Health Portal
431327,0015CJ1HAB8N8YU,"Medical Information Technology, Inc. (MEDITECH)",MEDITECH Patient and Consumer Health Portal
431328,0015CHL24QZ8GAF,Epic Systems Corporation,Beacon Cancer Registry Reporting
431329,0015CHL24QZ8GAF,Epic Systems Corporation,Beacon Cancer Registry Reporting
431330,0015CJ1HAB8N8YU,"Medical Information Technology, Inc. (MEDITECH)",MEDITECH Patient and Consumer Health Portal
431331,0015CJ1HAB8N8YU,"Medical Information Technology, Inc. (MEDITECH)",MEDITECH Patient and Consumer Health Portal
431332,0015CJ1HAB8N8YU,"Medical Information Technology, Inc. (MEDITECH)",MEDITECH Patient and Consumer Health Portal
431333,0015CHL24QZ8GAF,Epic Systems Corporation,Beacon Cancer Registry Reporting
431334,nan,nan,
431335,0015C653E6J0GQN,Cerner Corporation,Electronic Case Reporting
431336,0015CHL24QZ8GAF,Epic Systems Corporation,Beacon Cancer Registry Reporting
431337,0015CJ1HAB8N8YU,"Medical Information Technology, Inc. (MEDITECH)",MEDITECH Patient and Consumer Health Portal
431338,0015CJ1HAB8N8YU,"Medical Information Technology, Inc. (MEDITECH)",MEDITECH Patient and Consumer Health Portal
431339,0015CHL24QZ8GAF,Epic Systems Corporation,Beacon Cancer Registry Reporting
431340,0015CJ1HAB8N8YU,"Medical Information Technology, Inc. (MEDITECH)",MEDITECH Patient and Consumer Health Portal
431383,0015CWD0UCD0JJL,Indian Health Service,Resource and Patient Management System Electronic Health Record
43300,nan,nan,
43301,nan,nan,
433300,nan,nan,
440001,0015C3QY9WRC3XP,Epic Systems Corporation,Beacon Cancer Registry Reporting
440002,0015CQB8ZM93KD6,Imprivata,Imprivata FairWarning
440003,0015CU9F01FSC1G,MEDHOST,MEDHOST EDIS
440006,0015C622YQ4JDC3,"Surescripts, LLC",Surescripts Clinical Direct Messaging
440007,0015CFG3Q10HY2V,"Inpriva, Inc.",hDirect Network Services
440008,nan,nan,
440009,0015CE3KT9JDC2W,"DataMotion, Inc.",DataMotion Direct
440010,0015C2RCJ2PGW63,Imprivata,Imprivata FairWarning
440011,0015C9A12E1QK0F,"Premier Healthcare Solutions, Inc.",eCQM Calculator
440012,0015C3QY9WRC3XP,Epic Systems Corporation,Beacon Cancer Registry Reporting
440015,0015CDC04G3VFH4,Cerner Corporation,Electronic Case Reporting
440016,0015C5HKP92HQ7U,Epic Systems Corporation,EpicCare Inpatient Base
440017,0015C3QY9WRC3XP,Epic Systems Corporation,Beacon Cancer Registry Reporting
440018,0015C3QY9WRC3XP,Epic Systems Corporation,Beacon Cancer Registry Reporting
440020,0015CD30BJE5K3L,Secure Exchange Solutions,SES Direct
440029,0015CBX4HFN3AQN,Secure Exchange Solutions,SES Direct
440030,0015C653E6J0GQN,Cerner Corporation,Electronic Case Reporting
440031,0015C653E6J0GQN,Cerner Corporation,Electronic Case Reporting
440032,0015C3QY9WRC3XP,Epic Systems Corporation,Beacon Cancer Registry Reporting
440033,0015CPE9ARQ008M,Imprivata,Imprivata FairWarning
440034,0015C653E6J0GQN,Cerner Corporation,Electronic Case Reporting
440035,0015CPE9ARQ008M,Imprivata,Imprivata FairWarning
440039,0015CQ9XL5NVY2Z,Cerner Corporation,Millennium (Clinical)
440046,0015C622YQ4JDC3,"Surescripts, LLC",Surescripts Clinical Direct Messaging
440048,0015C5HKP92HQ7U,Epic Systems Corporation,EpicCare Inpatient Base
440049,0015C54G7L54DLK,Cerner Corporation,Antimicrobial Usage and Resistance Reporting
440050,0015C3QY9WRC3XP,Epic Systems Corporation,Beacon Cancer Registry Reporting
440053,0015C5AKV1891AK,Cerner Corporation,Electronic Case Reporting
440056,0015CPE9ARQ008M,Imprivata,Imprivata FairWarning
440057,0015CD30BJE5K3L,Secure Exchange Solutions,SES Direct
440058,0015C4XYB82NW5B,"Medisolv, Inc.",ENCOR-e
440059,0015CZT12G0HLB7,"Premier Healthcare Solutions, Inc.",eCQM Calculator
440060,0015CQB8ZM93KD6,Imprivata,Imprivata FairWarning
440061,0015CQB8ZM93KD6,Imprivata,Imprivata FairWarning
440063,0015C3QY9WRC3XP,Epic Systems Corporation,Beacon Cancer Registry Reporting
440065,0015C622YQ4JDC3,"Surescripts, LLC",Surescripts Clinical Direct Messaging
440068,0015C8CHE73ABS5,Secure Exchange Solutions,SES Direct
440072,0015CQB8ZM93KD6,Imprivata,Imprivata FairWarning
440073,0015C2RCJ2PGW63,Imprivata,Imprivata FairWarning
440081,0015C653E6J0GQN,Cerner Corporation,Electronic Case Reporting
440082,0015C5AKV1891AK,Cerner Corporation,Electronic Case Reporting
440084,nan,nan,
440091,0015CWD2653NY5L,Epic Systems Corporation,Beacon Cancer Registry Reporting
440102,0015CEU7S4GHS1S,"athenahealth, Inc.",athenaClinicals
440104,0015C4J0ZKW5KKJ,Epic Systems Corporation,EpicCare Inpatient Base
440109,0015CDA13YNK8F1,Cerner Corporation,Electronic Case Reporting
440110,0015C653E6J0GQN,Cerner Corporation,Electronic Case Reporting
440111,nan,nan,
440120,0015CPE9ARQ008M,Imprivata,Imprivata FairWarning
440125,0015C653E6J0GQN,Cerner Corporation,Electronic Case Reporting
440130,0015C5HKP92HQ7U,Epic Systems Corporation,EpicCare Inpatient Base
440131,0015C5HKP92HQ7U,Epic Systems Corporation,EpicCare Inpatient Base
440132,0015CG91R3XQ5T3,"Premier Healthcare Solutions, Inc.",eCQM Calculator
440137,0015CQ9XL5NVY2Z,Cerner Corporation,Millennium (Clinical)
440144,0015CQ9XL5NVY2Z,Cerner Corporation,Millennium (Clinical)
440148,0015C5AKV1891AK,Cerner Corporation,Electronic Case Reporting
440150,0015C622YQ4JDC3,"Surescripts, LLC",Surescripts Clinical Direct Messaging
440151,0015C5AKV1891AK,Cerner Corporation,Electronic Case Reporting
440152,0015CFV5HFN92A3,Cerner Corporation,Electronic Case Reporting
440153,0015CPE9ARQ008M,Imprivata,Imprivata FairWarning
440156,0015C622YQ4JDC3,"Surescripts, LLC",Surescripts Clinical Direct Messaging
440159,nan,nan,
440161,0015C622YQ4JDC3,"Surescripts, LLC",Surescripts Clinical Direct Messaging
440173,0015C653E6J0GQN,Cerner Corporation,Electronic Case Reporting
440175,0015CD30BJE5K3L,Secure Exchange Solutions,SES Direct
440176,0015C3QY9WRC3XP,Epic Systems Corporation,Beacon Cancer Registry Reporting
440183,0015CPS61Z1JW9R,Cerner Corporation,Electronic Case Reporting
440184,0015C3QY9WRC3XP,Epic Systems Corporation,Beacon Cancer Registry Reporting
440185,0015CPE9ARQ008M,Imprivata,Imprivata FairWarning
440187,0015CC4NC7PMU4W,Secure Exchange Solutions,SES Direct
440192,0015C5AKV1891AK,Cerner Corporation,Electronic Case Reporting
440193,0015CQ9XL5NVY2Z,Cerner Corporation,Millennium (Clinical)
440194,0015C622YQ4JDC3,"Surescripts, LLC",Surescripts Clinical Direct Messaging
440197,0015C622YQ4JDC3,"Surescripts, LLC",Surescripts Clinical Direct Messaging
440200,0015C5AKV1891AK,Cerner Corporation,Electronic Case Reporting
440218,0015C80E18RAW4X,Cerner Corporation,Electronic Case Reporting
440227,0015C622YQ4JDC3,"Surescripts, LLC",Surescripts Clinical Direct Messaging
440228,0015CPS61Z1JW9R,Cerner Corporation,Electronic Case Reporting
440231,nan,nan,
440238,nan,nan,
441300,0015C5AKV1891AK,Cerner Corporation,Electronic Case Reporting
441301,0015CU9F01FSC1G,MEDHOST,MEDHOST EDIS
441303,nan,nan,
441304,0015C3QY9WRC3XP,Epic Systems Corporation,Beacon Cancer Registry Reporting
441305,0015CQL7XGG3S24,Cerner Corporation,Electronic Case Reporting
441306,0015C4J0ZKW5KKJ,Epic Systems Corporation,EpicCare Inpatient Base
441307,0015CU9F01FSC1G,MEDHOST,MEDHOST EDIS
441309,0015C2RCJ2PGW63,Imprivata,Imprivata FairWarning
441310,nan,nan,
441313,0015C3QY9WRC3XP,Epic Systems Corporation,Beacon Cancer Registry Reporting
441314,0015CFG3Q10HY2V,"Inpriva, Inc.",hDirect Network Services
441316,0015CQB8ZM93KD6,Imprivata,Imprivata FairWarning
441320,0015CQB8ZM93KD6,Imprivata,Imprivata FairWarning
441322,nan,nan,
441323,nan,nan,
443302,nan,nan,
443303,nan,nan,
450002,0015CPS61Z1JW9R,Cerner Corporation,Electronic Case Reporting
450007,0015CWQ52LMZ0GM,MedAllies,MedAllies Direct Solutions™
450010,0015CK7KK8T6DWP,Epic Systems Corporation,Beaker Reportable Labs Reporting
450011,0015CCM112X6N6F,Picis PulseCheck,PulseCheck ED
450015,0015CHL24QZ8GAF,Epic Systems Corporation,Beacon Cancer Registry Reporting
450018,0015CU63GY58X0S,Epic Systems Corporation,Beaker Reportable Labs Reporting
450021,0015CWW3R9FPD02,Epic Systems Corporation,Beacon Cancer Registry Reporting
450023,0015CD2H4B3MJD7,MedAllies,MedAllies Direct Solutions™
450024,0015CTV4313HQ0J,Cerner Corporation,Electronic Case Reporting
450028,0015CPS61Z1JW9R,Cerner Corporation,Electronic Case Reporting
450029,0015CPE9ARQ008M,Imprivata,Imprivata FairWarning
450032,0015CYJ419M5S70,"Surescripts, LLC",Surescripts Clinical Direct Messaging
450033,0015CPS61Z1JW9R,Cerner Corporation,Electronic Case Reporting
450034,0015CJR3Z59N4NU,"Surescripts, LLC",Surescripts Clinical Direct Messaging
450035,0015C28CYJ5LLF4,"DataMotion, Inc.",DataMotion Direct
450039,0015CHL24QZ8GAF,Epic Systems Corporation,Beacon Cancer Registry Reporting
450040,0015CCE123S5WK4,Epic Systems Corporation,Beaker Reportable Labs Reporting
450042,0015CHM428WL44D,Epic Systems Corporation,Electronic Case Reporting
450044,0015C97XDZ8XB5U,Epic Systems Corporation,Beaker Reportable Labs Reporting
450046,0015CJR3Z59N4NU,"Surescripts, LLC",Surescripts Clinical Direct Messaging
450051,0015CU63GY58X0S,Epic Systems Corporation,Beaker Reportable Labs Reporting
450054,0015CWW3R9FPD02,Epic Systems Corporation,Beacon Cancer Registry Reporting
450055,0015CFG3Q10HY2V,"Inpriva, Inc.",hDirect Network Services
450056,0015C5LFV335W0K,Cerner Corporation,Electronic Case Reporting
450058,0015CLT8S0A3MT6,Cerner Corporation,Electronic Case Reporting
450064,0015CW9NZ1EMD4T,"InterOperability Bidco, Inc., d.b.a. Rhapsody",Rhapsody Integration Engine
450068,0015CSB96W4QCU6,Imprivata,Imprivata FairWarning
450072,0015C28RJB881VL,MedAllies,MedAllies Direct Solutions™
450079,0015CWW3R9FPD02,Epic Systems Corporation,Beacon Cancer Registry Reporting
450080,0015CVZ8NZE0N5M,Epic Systems Corporation,Beaker Reportable Labs Reporting
450082,0015CJR3Z59N4NU,"Surescripts, LLC",Surescripts Clinical Direct Messaging
450083,0015C4J0ZKW5KKJ,Epic Systems Corporation,EpicCare Inpatient Base
450087,0015C622YQ4JDC3,"Surescripts, LLC",Surescripts Clinical Direct Messaging
450090,0015C8CHE73ABS5,Secure Exchange Solutions,SES Direct
450092,0015CQC4AND9RQT,Cerner Corporation,Antimicrobial Usage and Resistance Reporting
450097,0015C622YQ4JDC3,"Surescripts, LLC",Surescripts Clinical Direct Messaging
450101,0015CWW3R9FPD02,Epic Systems Corporation,Beacon Cancer Registry Reporting
450102,0015CYJ419M5S70,"Surescripts, LLC",Surescripts Clinical Direct Messaging
450104,0015CD4YG0NSV27,DrFirst,Rcopia
450107,0015C622YQ4JDC3,"Surescripts, LLC",Surescripts Clinical Direct Messaging
450108,0015CWN5TZA8FJ8,"Medical Information Technology, Inc. (MEDITECH)",MEDITECH Public Health Interface Electronic Case Reporting
450119,0015CQC4AND9RQT,Cerner Corporation,Antimicrobial Usage and Resistance Reporting
450124,0015C5LFV335W0K,Cerner Corporation,Electronic Case Reporting
450128,0015C4H2WUK0S3A,Epic Systems Corporation,Beacon Cancer Registry Reporting
450132,0015CAW8CCR7QV9,Imprivata,Imprivata FairWarning
450133,0015C9M4GDN2WY3,Cerner Corporation,Antimicrobial Usage and Resistance Reporting
450135,0015CW9NZ1EMD4T,"InterOperability Bidco, Inc., d.b.a. Rhapsody",Rhapsody Integration Engine
450137,0015CWW3R9FPD02,Epic Systems Corporation,Beacon Cancer Registry Reporting
450143,0015C5LFV335W0K,Cerner Corporation,Electronic Case Reporting
450144,0015CJA108381GT,DrFirst,Rcopia
450147,0015CR8535UDY24,"InterOperability Bidco, Inc., d.b.a. Rhapsody",Rhapsody Integration Engine
450148,0015CW9NZ1EMD4T,"InterOperability Bidco, Inc., d.b.a. Rhapsody",Rhapsody Integration Engine
450152,0015CEL8EWK7PAH,Cerner Corporation,Electronic Case Reporting
450154,0015CAV9ZYL92UX,MedAllies,MedAllies Direct Solutions™
450155,0015CEZ6FY4WR6V,Cerner Corporation,Millennium (CQMs)
450162,0015CCE123S5WK4,Epic Systems Corporation,Beaker Reportable Labs Reporting
450163,0015CJR3Z59N4NU,"Surescripts, LLC",Surescripts Clinical Direct Messaging
450165,0015C622YQ4JDC3,"Surescripts, LLC",Surescripts Clinical Direct Messaging
450176,0015C1MMM1Y3VVM,"Surescripts, LLC",Surescripts Clinical Direct Messaging
450184,0015CSB96W4QCU6,Imprivata,Imprivata FairWarning
450193,0015CWD2653NY5L,Epic Systems Corporation,Beacon Cancer Registry Reporting
450194,0015C4J0ZKW5KKJ,Epic Systems Corporation,EpicCare Inpatient Base
450196,0015CW76TRC3SVN,MedAllies,MedAllies Direct Solutions™
450200,0015C28CYJ5LLF4,"DataMotion, Inc.",DataMotion Direct
450203,0015C622YQ4JDC3,"Surescripts, LLC",Surescripts Clinical Direct Messaging
450209,0015CQC4AND9RQT,Cerner Corporation,Antimicrobial Usage and Resistance Reporting
450210,0015C4J0ZKW5KKJ,Epic Systems Corporation,EpicCare Inpatient Base
450211,nan,nan,
450213,0015CU573RZT579,Epic Systems Corporation,Beacon Cancer Registry Reporting
450222,0015C622YQ4JDC3,"Surescripts, LLC",Surescripts Clinical Direct Messaging
450229,0015CF2C9MW8EHH,Altera Digital Health Inc.,Sunrise Acute Care
450231,0015C4J0ZKW5KKJ,Epic Systems Corporation,EpicCare Inpatient Base
450235,0015C7VZ9AGT1EX,Cerner Corporation,HealtheLife
450236,0015CYJ419M5S70,"Surescripts, LLC",Surescripts Clinical Direct Messaging
450237,0015CJR3Z59N4NU,"Surescripts, LLC",Surescripts Clinical Direct Messaging
450241,0015C1JYN61MQC9,"Park Avenue Capital, LLC dba MaxMD",MaxMD Direct mdEmail®
450253,0015CFG3Q10HY2V,"Inpriva, Inc.",hDirect Network Services
450271,0015CMD18WXF6G6,Veradigm,Veradigm FollowMyHealth®
450272,0015CYJ419M5S70,"Surescripts, LLC",Surescripts Clinical Direct Messaging
450289,0015CJZ7U2P5UY2,Epic Systems Corporation,EpicCare Ambulatory Base
450292,0015CW9NZ1EMD4T,"InterOperability Bidco, Inc., d.b.a. Rhapsody",Rhapsody Integration Engine
450324,0015CQC4AND9RQT,Cerner Corporation,Antimicrobial Usage and Resistance Reporting
450330,0015CRC7WS3FUQ5,Veradigm,AllScripts FollowMyHealth®
450346,0015CY9N5RK82FA,Secure Exchange Solutions,SES Direct
450347,0015C8CHE73ABS5,Secure Exchange Solutions,SES Direct
450351,0015CW9NZ1EMD4T,"InterOperability Bidco, Inc., d.b.a. Rhapsody",Rhapsody Integration Engine
450352,0015C80E18RAW4X,Cerner Corporation,Electronic Case Reporting
450358,0015C4WYM9EVW5K,Epic Systems Corporation,Beacon Cancer Registry Reporting
450369,0015CFG3Q10HY2V,"Inpriva, Inc.",hDirect Network Services
450370,nan,nan,
450372,0015CWW3R9FPD02,Epic Systems Corporation,Beacon Cancer Registry Reporting
450379,0015C4H2WUK0S3A,Epic Systems Corporation,Beacon Cancer Registry Reporting
450388,0015CF1XL4QE1NQ,"Surescripts, LLC",Surescripts Clinical Direct Messaging
450389,0015C4J0ZKW5KKJ,Epic Systems Corporation,EpicCare Inpatient Base
450395,nan,nan,
450399,nan,nan,
450400,0015CC4NC7PMU4W,Secure Exchange Solutions,SES Direct
450403,0015C622YQ4JDC3,"Surescripts, LLC",Surescripts Clinical Direct Messaging
450411,0015CDA13YNK8F1,Cerner Corporation,Electronic Case Reporting
450419,0015CW9NZ1EMD4T,"InterOperability Bidco, Inc., d.b.a. Rhapsody",Rhapsody Integration Engine
450422,0015C80E18RAW4X,Cerner Corporation,Electronic Case Reporting
450424,0015C4WYM9EVW5K,Epic Systems Corporation,Beacon Cancer Registry Reporting
450431,0015C622YQ4JDC3,"Surescripts, LLC",Surescripts Clinical Direct Messaging
450447,0015CR8535UDY24,"InterOperability Bidco, Inc., d.b.a. Rhapsody",Rhapsody Integration Engine
450451,0015CFG3Q10HY2V,"Inpriva, Inc.",hDirect Network Services
450460,nan,nan,
450462,0015CW9NZ1EMD4T,"InterOperability Bidco, Inc., d.b.a. Rhapsody",Rhapsody Integration Engine
450465,0015CZ64TN68JC3,MedAllies,MedAllies Direct Solutions™
450469,0015CW4VMW3NMY3,Altera Digital Health Inc.,Sunrise Acute Care
450475,0015C4J0ZKW5KKJ,Epic Systems Corporation,EpicCare Inpatient Base
450484,0015CR8535UDY24,"InterOperability Bidco, Inc., d.b.a. Rhapsody",Rhapsody Integration Engine
450489,0015C8CHE73ABS5,Secure Exchange Solutions,SES Direct
450498,0015CT0PPT32RH0,Persivia,Persivia Platform
450508,nan,nan,
450518,0015C28CYJ5LLF4,"DataMotion, Inc.",DataMotion Direct
450537,0015CU63GY58X0S,Epic Systems Corporation,Beaker Reportable Labs Reporting
450539,0015CCE123S5WK4,Epic Systems Corporation,Beaker Reportable Labs Reporting
450563,0015CWW3R9FPD02,Epic Systems Corporation,Beacon Cancer Registry Reporting
450565,0015CHH98HFU0QQ,Secure Exchange Solutions,SES Direct
450571,0015CGA84XJT6E0,Epic Systems Corporation,Beacon Cancer Registry Reporting
450573,0015CJR3Z59N4NU,"Surescripts, LLC",Surescripts Clinical Direct Messaging
450584,0015CP587BP0W9H,"Inpriva, Inc.",hDirect Network Services
450587,0015CF2C9MW8EHH,Altera Digital Health Inc.,Sunrise Acute Care
450596,0015CR8535UDY24,"InterOperability Bidco, Inc., d.b.a. Rhapsody",Rhapsody Integration Engine
450597,0015CVC1ACJ48YS,DrFirst,Rcopia
450604,0015CE4ZXJ0FKT5,Secure Exchange Solutions,SES Direct
450610,0015CSB96W4QCU6,Imprivata,Imprivata FairWarning
450617,0015C622YQ4JDC3,"Surescripts, LLC",Surescripts Clinical Direct Messaging
450634,0015C622YQ4JDC3,"Surescripts, LLC",Surescripts Clinical Direct Messaging
450638,0015C622YQ4JDC3,"Surescripts, LLC",Surescripts Clinical Direct Messaging
450639,0015CW9NZ1EMD4T,"InterOperability Bidco, Inc., d.b.a. Rhapsody",Rhapsody Integration Engine
450641,0015CFG3Q10HY2V,"Inpriva, Inc.",hDirect Network Services
450643,0015CQC4AND9RQT,Cerner Corporation,Antimicrobial Usage and Resistance Reporting
450644,0015C622YQ4JDC3,"Surescripts, LLC",Surescripts Clinical Direct Messaging
450647,0015C622YQ4JDC3,"Surescripts, LLC",Surescripts Clinical Direct Messaging
450651,0015C622YQ4JDC3,"Surescripts, LLC",Surescripts Clinical Direct Messaging
450653,0015C28CYJ5LLF4,"DataMotion, Inc.",DataMotion Direct
450654,0015CFG3Q10HY2V,"Inpriva, Inc.",hDirect Network Services
450656,0015CPS61Z1JW9R,Cerner Corporation,Electronic Case Reporting
450658,0015CKX5ELV537P,Secure Exchange Solutions,SES Direct
450659,0015C622YQ4JDC3,"Surescripts, LLC",Surescripts Clinical Direct Messaging
450661,0015C28CYJ5LLF4,"DataMotion, Inc.",DataMotion Direct
450662,0015C622YQ4JDC3,"Surescripts, LLC",Surescripts Clinical Direct Messaging
450668,0015CPS61Z1JW9R,Cerner Corporation,Electronic Case Reporting
450669,0015C622YQ4JDC3,"Surescripts, LLC",Surescripts Clinical Direct Messaging
450670,0015C622YQ4JDC3,"Surescripts, LLC",Surescripts Clinical Direct Messaging
450672,0015C622YQ4JDC3,"Surescripts, LLC",Surescripts Clinical Direct Messaging
450674,0015C622YQ4JDC3,"Surescripts, LLC",Surescripts Clinical Direct Messaging
450675,0015C622YQ4JDC3,"Surescripts, LLC",Surescripts Clinical Direct Messaging
450677,0015CEL8EWK7PAH,Cerner Corporation,Electronic Case Reporting
450678,nan,nan,
450684,0015CSB96W4QCU6,Imprivata,Imprivata FairWarning
450686,0015CXB5TF2EC92,Cerner Corporation,Electronic Lab Results
450688,0015C4H2WUK0S3A,Epic Systems Corporation,Beacon Cancer Registry Reporting
450690,0015C4J0ZKW5KKJ,Epic Systems Corporation,EpicCare Inpatient Base
450694,0015CFG3Q10HY2V,"Inpriva, Inc.",hDirect Network Services
450698,0015CFG3Q10HY2V,"Inpriva, Inc.",hDirect Network Services
450702,0015CR8535UDY24,"InterOperability Bidco, Inc., d.b.a. Rhapsody",Rhapsody Integration Engine
450709,0015C4WYM9EVW5K,Epic Systems Corporation,Beacon Cancer Registry Reporting
450711,0015C622YQ4JDC3,"Surescripts, LLC",Surescripts Clinical Direct Messaging
450713,0015C622YQ4JDC3,"Surescripts, LLC",Surescripts Clinical Direct Messaging
450718,0015C622YQ4JDC3,"Surescripts, LLC",Surescripts Clinical Direct Messaging
450723,0015CU63GY58X0S,Epic Systems Corporation,Beaker Reportable Labs Reporting
450730,0015CSP20HYW41Z,"Dynamic Health IT, Inc",ConnectEHR +BulkFHIR
450742,0015CWW3R9FPD02,Epic Systems Corporation,Beacon Cancer Registry Reporting
450743,0015CW9NZ1EMD4T,"InterOperability Bidco, Inc., d.b.a. Rhapsody",Rhapsody Integration Engine
450747,0015CC4NC7PMU4W,Secure Exchange Solutions,SES Direct
450755,0015CCE123S5WK4,Epic Systems Corporation,Beaker Reportable Labs Reporting
450771,0015CW9NZ1EMD4T,"InterOperability Bidco, Inc., d.b.a. Rhapsody",Rhapsody Integration Engine
450774,0015C80E18RAW4X,Cerner Corporation,Electronic Case Reporting
450775,0015C622YQ4JDC3,"Surescripts, LLC",Surescripts Clinical Direct Messaging
450779,0015CW9NZ1EMD4T,"InterOperability Bidco, Inc., d.b.a. Rhapsody",Rhapsody Integration Engine
450788,0015C622YQ4JDC3,"Surescripts, LLC",Surescripts Clinical Direct Messaging
450801,0015CJR3Z59N4NU,"Surescripts, LLC",Surescripts Clinical Direct Messaging
450804,0015C622YQ4JDC3,"Surescripts, LLC",Surescripts Clinical Direct Messaging
450808,nan,nan,
450809,0015C622YQ4JDC3,"Surescripts, LLC",Surescripts Clinical Direct Messaging
450820,0015C4WYM9EVW5K,Epic Systems Corporation,Beacon Cancer Registry Reporting
450822,0015C622YQ4JDC3,"Surescripts, LLC",Surescripts Clinical Direct Messaging
450825,0015CQC4AND9RQT,Cerner Corporation,Antimicrobial Usage and Resistance Reporting
450827,0015C4EC1N9FBM8,Rural Wisconsin Health Cooperative,RWHC eCQM QI Program
450828,0015CJR3Z59N4NU,"Surescripts, LLC",Surescripts Clinical Direct Messaging
450831,0015CD0YHE0DVF2,"iCare.com, Inc.",iCare EHR
450833,0015CC4NC7PMU4W,Secure Exchange Solutions,SES Direct
450834,nan,nan,
450840,0015CW9NZ1EMD4T,"InterOperability Bidco, Inc., d.b.a. Rhapsody",Rhapsody Integration Engine
450844,0015C4WYM9EVW5K,Epic Systems Corporation,Beacon Cancer Registry Reporting
450847,0015CSB96W4QCU6,Imprivata,Imprivata FairWarning
450848,0015CSB96W4QCU6,Imprivata,Imprivata FairWarning
450851,0015CWW3R9FPD02,Epic Systems Corporation,Beacon Cancer Registry Reporting
450853,0015C7T1FAD2J6F,"Park Avenue Capital, LLC dba MaxMD",MaxMD Direct mdEmail®
450855,0015CPN9PSL792F,"Surescripts, LLC",Surescripts Clinical Direct Messaging
450856,0015C40C0YCP4T4,MedAllies,MedAllies Direct Solutions™
450860,0015C80E18RAW4X,Cerner Corporation,Electronic Case Reporting
450862,0015CWD2653NY5L,Epic Systems Corporation,Beacon Cancer Registry Reporting
450864,0015CDN2FXH7Z2L,"Inpriva, Inc.",hDirect Network Services
450865,0015C5LFV335W0K,Cerner Corporation,Electronic Case Reporting
450867,0015C5LFV335W0K,Cerner Corporation,Electronic Case Reporting
450869,0015C39MYX0ZMQ7,Cerner Corporation,HealtheAnalytics: Promoting Interoperability
450872,nan,nan,
450874,0015C80E18RAW4X,Cerner Corporation,Electronic Case Reporting
450875,0015C4J0ZKW5KKJ,Epic Systems Corporation,EpicCare Inpatient Base
450876,0015CP4LYG26BQE,Cerner Corporation,HealthSentry
450880,0015C80E18RAW4X,Cerner Corporation,Electronic Case Reporting
450883,0015C80E18RAW4X,Cerner Corporation,Electronic Case Reporting
450885,0015CWW3R9FPD02,Epic Systems Corporation,Beacon Cancer Registry Reporting
450888,0015CW9NZ1EMD4T,"InterOperability Bidco, Inc., d.b.a. Rhapsody",Rhapsody Integration Engine
450889,0015CFG3Q10HY2V,"Inpriva, Inc.",hDirect Network Services
450890,0015CWW3R9FPD02,Epic Systems Corporation,Beacon Cancer Registry Reporting
450891,0015CW9NZ1EMD4T,"InterOperability Bidco, Inc., d.b.a. Rhapsody",Rhapsody Integration Engine
450893,0015CWW3R9FPD02,Epic Systems Corporation,Beacon Cancer Registry Reporting
451300,0015CFG3Q10HY2V,"Inpriva, Inc.",hDirect Network Services
451301,nan,nan,
451303,0015C7ZEJ6BU1C3,"Inpriva, Inc.",hDirect Network Services
451304,nan,nan,
451305,0015CCM112X6N6F,Picis PulseCheck,PulseCheck ED
451306,nan,nan,
451307,nan,nan,
451308,nan,nan,
451309,nan,nan,
451310,nan,nan,
451311,nan,nan,
451312,nan,nan,
451313,nan,nan,
451314,nan,nan,
451315,0015CHQ0SZM4YC4,"Inpriva, Inc.",hDirect Network Services
451316,0015CCM112X6N6F,Picis PulseCheck,PulseCheck ED
451317,0015C3K3YJ2CSK4,Cerner Corporation,Electronic Case Reporting
451318,0015CFG3Q10HY2V,"Inpriva, Inc.",hDirect Network Services
451319,0015CYJ419M5S70,"Surescripts, LLC",Surescripts Clinical Direct Messaging
451320,0015CFG3Q10HY2V,"Inpriva, Inc.",hDirect Network Services
451322,0015CCM112X6N6F,Picis PulseCheck,PulseCheck ED
451323,0015CEL8EWK7PAH,Cerner Corporation,Electronic Case Reporting
451324,0015CFG3Q10HY2V,"Inpriva, Inc.",hDirect Network Services
451325,0015CW40F8CZL04,DrFirst,Rcopia
451328,0015CW40F8CZL04,DrFirst,Rcopia
451329,nan,nan,
451330,0015CTR5872P6AF,"DataMotion, Inc.",DataMotion Direct
451331,nan,nan,
451332,0015CFG3Q10HY2V,"Inpriva, Inc.",hDirect Network Services
451333,0015C2REJ0UEJ7W,Cerner Corporation,Electronic Case Reporting
451334,nan,nan,
451335,0015CQ2WP2DLD4Z,"Park Avenue Capital, LLC dba MaxMD",MaxMD Direct mdEmail®
451337,0015CFG3Q10HY2V,"Inpriva, Inc.",hDirect Network Services
451338,nan,nan,
451339,nan,nan,
451340,nan,nan,
451341,0015E7BA2TSP8CS,Persivia,Persivia Platform
451342,nan,nan,
451343,0015CFG3Q10HY2V,"Inpriva, Inc.",hDirect Network Services
451344,nan,nan,
451346,0015C8CHE73ABS5,Secure Exchange Solutions,SES Direct
451347,nan,nan,
451348,0015CW40F8CZL04,DrFirst,Rcopia
451349,0015C8F549YEQ8N,Cerner Corporation,Electronic Case Reporting
451350,0015CER158R54SG,Cerner Corporation,Electronic Case Reporting
451351,0015CFG3Q10HY2V,"Inpriva, Inc.",hDirect Network Services
451352,nan,nan,
451353,nan,nan,
451354,0015CFG3Q10HY2V,"Inpriva, Inc.",hDirect Network Services
451355,nan,nan,
451356,0015CFG3Q10HY2V,"Inpriva, Inc.",hDirect Network Services
451358,0015CFG3Q10HY2V,"Inpriva, Inc.",hDirect Network Services
451359,0015CFG3Q10HY2V,"Inpriva, Inc.",hDirect Network Services
451361,nan,nan,
451362,0015CFG3Q10HY2V,"Inpriva, Inc.",hDirect Network Services
451363,0015CFG3Q10HY2V,"Inpriva, Inc.",hDirect Network Services
451364,0015CFG3Q10HY2V,"Inpriva, Inc.",hDirect Network Services
451365,0015C5LFV335W0K,Cerner Corporation,Electronic Case Reporting
451366,nan,nan,
451367,0015C4J0ZKW5KKJ,Epic Systems Corporation,EpicCare Inpatient Base
451369,nan,nan,
451370,0015CHM370L09W0,"Inpriva, Inc.",hDirect Network Services
451371,0015C5LFV335W0K,Cerner Corporation,Electronic Case Reporting
451372,nan,nan,
451373,0015CFG3Q10HY2V,"Inpriva, Inc.",hDirect Network Services
451374,0015CWW3R9FPD02,Epic Systems Corporation,Beacon Cancer Registry Reporting
451375,0015CJW3K8XTN7V,Cerner Corporation,Electronic Lab Results
451376,0015CDA13YNK8F1,Cerner Corporation,Electronic Case Reporting
451377,0015CN1A1Q3BZX2,Cerner Corporation,Electronic Case Reporting
451378,0015C8CHE73ABS5,Secure Exchange Solutions,SES Direct
451379,0015C80E18RAW4X,Cerner Corporation,Electronic Case Reporting
451380,0015C4J0ZKW5KKJ,Epic Systems Corporation,EpicCare Inpatient Base
451381,0015CYJ419M5S70,"Surescripts, LLC",Surescripts Clinical Direct Messaging
451382,0015CZE0F7SSP5U,Secure Exchange Solutions,SES Direct
451384,0015C80E18RAW4X,Cerner Corporation,Electronic Case Reporting
451385,0015CKY42QXH820,Cerner Corporation,Electronic Case Reporting
451386,0015C1568B36VKX,"Park Avenue Capital, LLC dba MaxMD",MaxMD Direct mdEmail®
451387,0015CB4VJM03NKW,"Medisolv, Inc.",ENCOR-e
451389,0015CSG5YXG670U,Imprivata,Imprivata FairWarning
451390,0015C7ZEJ6BU1C3,"Inpriva, Inc.",hDirect Network Services
451391,0015CFG3Q10HY2V,"Inpriva, Inc.",hDirect Network Services
451392,nan,nan,
451393,0015CDA13YNK8F1,Cerner Corporation,Electronic Case Reporting
451394,0015CFG3Q10HY2V,"Inpriva, Inc.",hDirect Network Services
451395,0015CFG3Q10HY2V,"Inpriva, Inc.",hDirect Network Services
451396,0015CFG3Q10HY2V,"Inpriva, Inc.",hDirect Network Services
451397,0015CWW3R9FPD02,Epic Systems Corporation,Beacon Cancer Registry Reporting
451398,0015CPN9PSL792F,"Surescripts, LLC",Surescripts Clinical Direct Messaging
451399,0015CFG3Q10HY2V,"Inpriva, Inc.",hDirect Network Services
453300,nan,nan,
453301,nan,nan,
453302,nan,nan,
453304,nan,nan,
453306,nan,nan,
453309,nan,nan,
453310,nan,nan,
453311,nan,nan,
453313,nan,nan,
453314,nan,nan,
453315,nan,nan,
453316,nan,nan,
453317,nan,nan,
453318,nan,nan,
453319,nan,nan,
453321,nan,nan,
460001,0015C2UKB5PSX9J,Cerner Corporation,HealtheAnalytics: Promoting Interoperability
460003,0015C28CYJ5LLF4,"DataMotion, Inc.",DataMotion Direct
460004,0015C2UKB5PSX9J,Cerner Corporation,HealtheAnalytics: Promoting Interoperability
460005,0015C622YQ4JDC3,"Surescripts, LLC",Surescripts Clinical Direct Messaging
460006,0015C2UKB5PSX9J,Cerner Corporation,HealtheAnalytics: Promoting Interoperability
460007,0015C2UKB5PSX9J,Cerner Corporation,HealtheAnalytics: Promoting Interoperability
460009,0015CYT94LS81XV,Epic Systems Corporation,Beacon Cancer Registry Reporting
460010,0015C2UKB5PSX9J,Cerner Corporation,HealtheAnalytics: Promoting Interoperability
460011,0015C8CHE73ABS5,Secure Exchange Solutions,SES Direct
460013,0015C622YQ4JDC3,"Surescripts, LLC",Surescripts Clinical Direct Messaging
460014,0015C8CHE73ABS5,Secure Exchange Solutions,SES Direct
460015,0015C2UKB5PSX9J,Cerner Corporation,HealtheAnalytics: Promoting Interoperability
460017,0015C622YQ4JDC3,"Surescripts, LLC",Surescripts Clinical Direct Messaging
460019,0015CTG6K0EW7TC,Cerner Corporation,Electronic Case Reporting
460021,0015C2UKB5PSX9J,Cerner Corporation,HealtheAnalytics: Promoting Interoperability
460023,0015C2UKB5PSX9J,Cerner Corporation,HealtheAnalytics: Promoting Interoperability
460026,0015C2UKB5PSX9J,Cerner Corporation,HealtheAnalytics: Promoting Interoperability
460030,0015C8CHE73ABS5,Secure Exchange Solutions,SES Direct
460039,0015C2UKB5PSX9J,Cerner Corporation,HealtheAnalytics: Promoting Interoperability
460041,0015C28CYJ5LLF4,"DataMotion, Inc.",DataMotion Direct
460042,0015C622YQ4JDC3,"Surescripts, LLC",Surescripts Clinical Direct Messaging
460043,0015C2UKB5PSX9J,Cerner Corporation,HealtheAnalytics: Promoting Interoperability
460044,0015C2UKB5PSX9J,Cerner Corporation,HealtheAnalytics: Promoting Interoperability
460047,0015CYV73ECC6M9,Epic Systems Corporation,Beaker Reportable Labs Reporting
460051,0015C28CYJ5LLF4,"DataMotion, Inc.",DataMotion Direct
460052,0015C622YQ4JDC3,"Surescripts, LLC",Surescripts Clinical Direct Messaging
460054,0015C622YQ4JDC3,"Surescripts, LLC",Surescripts Clinical Direct Messaging
460057,0015C2UKB5PSX9J,Cerner Corporation,HealtheAnalytics: Promoting Interoperability
460058,0015C2UKB5PSX9J,Cerner Corporation,HealtheAnalytics: Promoting Interoperability
460060,0015CYV73ECC6M9,Epic Systems Corporation,Beaker Reportable Labs Reporting
460061,0015C2UKB5PSX9J,Cerner Corporation,HealtheAnalytics: Promoting Interoperability
460062,0015C2UKB5PSX9J,Cerner Corporation,HealtheAnalytics: Promoting Interoperability
461300,0015C2UKB5PSX9J,Cerner Corporation,HealtheAnalytics: Promoting Interoperability
461301,0015C2UKB5PSX9J,Cerner Corporation,HealtheAnalytics: Promoting Interoperability
461302,0015C9N6J2WEB0U,DrFirst,Rcopia
461303,0015C2UKB5PSX9J,Cerner Corporation,HealtheAnalytics: Promoting Interoperability
461304,0015C3K3YJ2CSK4,Cerner Corporation,Electronic Case Reporting
461305,0015C80E18RAW4X,Cerner Corporation,Electronic Case Reporting
461306,0015CGN6DP8QY1W,"Inpriva, Inc.",hDirect Network Services
461307,0015C2UKB5PSX9J,Cerner Corporation,HealtheAnalytics: Promoting Interoperability
461308,nan,nan,
461309,0015C8F549YEQ8N,Cerner Corporation,Electronic Case Reporting
461310,0015CT0PPT32RH0,Persivia,Persivia Platform
461333,0015C2UKB5PSX9J,Cerner Corporation,HealtheAnalytics: Promoting Interoperability
461335,0015C80E18RAW4X,Cerner Corporation,Electronic Case Reporting
463301,nan,nan,
470001,0015CS71BZT400W,Epic Systems Corporation,Beacon Cancer Registry Reporting
470003,0015CS71BZT400W,Epic Systems Corporation,Beacon Cancer Registry Reporting
470005,0015C6NE153843T,Cerner Corporation,Antimicrobial Usage and Resistance Reporting
470011,0015C80E18RAW4X,Cerner Corporation,Electronic Case Reporting
470012,0015C2U6GBG7ATE,MedAllies,MedAllies Direct Solutions™
470024,0015CUB5R65YGA6,MedAllies,MedAllies Direct Solutions™
471300,0015C70268FDE5D,Cerner Corporation,Antimicrobial Usage and Resistance Reporting
471301,0015CH6CKN0HZE9,"Inpriva, Inc.",hDirect Network Services
471302,0015CER158R54SG,Cerner Corporation,Electronic Case Reporting
471303,0015C2B9QT2SZY8,MedAllies,MedAllies Direct Solutions™
471304,0015C7G9EJT78H8,Cerner Corporation,Antimicrobial Usage and Resistance Reporting
471305,0015CFG3Q10HY2V,"Inpriva, Inc.",hDirect Network Services
471306,0015CFG3Q10HY2V,"Inpriva, Inc.",hDirect Network Services
471307,0015CS71BZT400W,Epic Systems Corporation,Beacon Cancer Registry Reporting
480001,nan,nan,
480002,nan,nan,
490002,0015C3QY9WRC3XP,Epic Systems Corporation,Beacon Cancer Registry Reporting
490004,0015C7J3NZX7XGG,Epic Systems Corporation,EpicCare Ambulatory Base
490005,0015CD9P4WDH5L9,Epic Systems Corporation,Beacon Cancer Registry Reporting
490007,0015C7J3NZX7XGG,Epic Systems Corporation,EpicCare Ambulatory Base
490009,0015C5XR0DRE6JH,Epic Systems Corporation,Beacon Cancer Registry Reporting
490013,0015C7J3NZX7XGG,Epic Systems Corporation,EpicCare Ambulatory Base
490017,0015C4J0ZKW5KKJ,Epic Systems Corporation,EpicCare Inpatient Base
490018,0015CTY9V968U24,"Surescripts, LLC",Surescripts Clinical Direct Messaging
490019,nan,nan,
490020,0015C622YQ4JDC3,"Surescripts, LLC",Surescripts Clinical Direct Messaging
490021,0015CUW9JS131YW,Cerner Corporation,Electronic Case Reporting
490022,0015C3QY9WRC3XP,Epic Systems Corporation,Beacon Cancer Registry Reporting
490023,0015C877F4PC6LD,"Medisolv, Inc.",ENCOR-e
490024,0015CFN64UUM2QD,Epic Systems Corporation,Electronic Case Reporting
490032,0015C92F81YS48A,Epic Systems Corporation,Beacon Cancer Registry Reporting
490033,0015CD9P4WDH5L9,Epic Systems Corporation,Beacon Cancer Registry Reporting
490037,0015C0AWU30GFF9,Epic Systems Corporation,Beaker Reportable Labs Reporting
490038,0015C3QY9WRC3XP,Epic Systems Corporation,Beacon Cancer Registry Reporting
490040,0015CHM428WL44D,Epic Systems Corporation,Electronic Case Reporting
490041,0015C4J0ZKW5KKJ,Epic Systems Corporation,EpicCare Inpatient Base
490042,0015CFN64UUM2QD,Epic Systems Corporation,Electronic Case Reporting
490043,0015CHM428WL44D,Epic Systems Corporation,Electronic Case Reporting
490044,0015C7J3NZX7XGG,Epic Systems Corporation,EpicCare Ambulatory Base
490045,0015C5XR0DRE6JH,Epic Systems Corporation,Beacon Cancer Registry Reporting
490046,0015C7J3NZX7XGG,Epic Systems Corporation,EpicCare Ambulatory Base
490048,0015C622YQ4JDC3,"Surescripts, LLC",Surescripts Clinical Direct Messaging
490050,0015C3QY9WRC3XP,Epic Systems Corporation,Beacon Cancer Registry Reporting
490052,0015C0AWU30GFF9,Epic Systems Corporation,Beaker Reportable Labs Reporting
490053,0015C3QY9WRC3XP,Epic Systems Corporation,Beacon Cancer Registry Reporting
490057,0015C7J3NZX7XGG,Epic Systems Corporation,EpicCare Ambulatory Base
490059,0015C4J0ZKW5KKJ,Epic Systems Corporation,EpicCare Inpatient Base
490060,0015CUL56QLS5C3,"Surescripts, LLC",Surescripts Clinical Direct Messaging
490063,0015CHM428WL44D,Epic Systems Corporation,Electronic Case Reporting
490066,0015C7J3NZX7XGG,Epic Systems Corporation,EpicCare Ambulatory Base
490067,0015C4J0ZKW5KKJ,Epic Systems Corporation,EpicCare Inpatient Base
490069,0015C4J0ZKW5KKJ,Epic Systems Corporation,EpicCare Inpatient Base
490075,0015C4HSE8YJ05Q,"Medisolv, Inc.",ENCOR-e
490077,0015C7J3NZX7XGG,Epic Systems Corporation,EpicCare Ambulatory Base
490084,0015C92F81YS48A,Epic Systems Corporation,Beacon Cancer Registry Reporting
490088,0015CUW9JS131YW,Cerner Corporation,Electronic Case Reporting
490089,0015CFN64UUM2QD,Epic Systems Corporation,Electronic Case Reporting
490090,0015CUW9JS131YW,Cerner Corporation,Electronic Case Reporting
490092,0015C4J0ZKW5KKJ,Epic Systems Corporation,EpicCare Inpatient Base
490093,0015C7J3NZX7XGG,Epic Systems Corporation,EpicCare Ambulatory Base
490094,0015C4J0ZKW5KKJ,Epic Systems Corporation,EpicCare Inpatient Base
490097,0015C4J0ZKW5KKJ,Epic Systems Corporation,EpicCare Inpatient Base
490098,0015C92F81YS48A,Epic Systems Corporation,Beacon Cancer Registry Reporting
490101,0015CHM428WL44D,Epic Systems Corporation,Electronic Case Reporting
490104,nan,nan,
490107,0015C622YQ4JDC3,"Surescripts, LLC",Surescripts Clinical Direct Messaging
490110,0015C622YQ4JDC3,"Surescripts, LLC",Surescripts Clinical Direct Messaging
490111,0015C4HSE8YJ05Q,"Medisolv, Inc.",ENCOR-e
490112,0015C622YQ4JDC3,"Surescripts, LLC",Surescripts Clinical Direct Messaging
490113,0015C7J3NZX7XGG,Epic Systems Corporation,EpicCare Ambulatory Base
490114,0015C3QY9WRC3XP,Epic Systems Corporation,Beacon Cancer Registry Reporting
490115,0015C0UNC8R9VFR,"Medisolv, Inc.",ENCOR-e
490116,0015C622YQ4JDC3,"Surescripts, LLC",Surescripts Clinical Direct Messaging
490117,0015CFN64UUM2QD,Epic Systems Corporation,Electronic Case Reporting
490118,0015C622YQ4JDC3,"Surescripts, LLC",Surescripts Clinical Direct Messaging
490119,0015C7J3NZX7XGG,Epic Systems Corporation,EpicCare Ambulatory Base
490120,0015C4J0ZKW5KKJ,Epic Systems Corporation,EpicCare Inpatient Base
490122,0015CHM428WL44D,Epic Systems Corporation,Electronic Case Reporting
490126,0015C622YQ4JDC3,"Surescripts, LLC",Surescripts Clinical Direct Messaging
490127,0015CFG3Q10HY2V,"Inpriva, Inc.",hDirect Network Services
490130,0015C0AWU30GFF9,Epic Systems Corporation,Beaker Reportable Labs Reporting
490136,0015C4J0ZKW5KKJ,Epic Systems Corporation,EpicCare Inpatient Base
490140,0015C3QY9WRC3XP,Epic Systems Corporation,Beacon Cancer Registry Reporting
490141,0015C622YQ4JDC3,"Surescripts, LLC",Surescripts Clinical Direct Messaging
490143,0015C0AWU30GFF9,Epic Systems Corporation,Beaker Reportable Labs Reporting
490144,0015C5XR0DRE6JH,Epic Systems Corporation,Beacon Cancer Registry Reporting
490145,0015C622YQ4JDC3,"Surescripts, LLC",Surescripts Clinical Direct Messaging
491300,nan,nan,
491302,0015CFN64UUM2QD,Epic Systems Corporation,Electronic Case Reporting
491303,0015C3QY9WRC3XP,Epic Systems Corporation,Beacon Cancer Registry Reporting
491304,0015CFN64UUM2QD,Epic Systems Corporation,Electronic Case Reporting
491305,0015CD9P4WDH5L9,Epic Systems Corporation,Beacon Cancer Registry Reporting
491307,0015CD9P4WDH5L9,Epic Systems Corporation,Beacon Cancer Registry Reporting
491308,0015C4J0ZKW5KKJ,Epic Systems Corporation,EpicCare Inpatient Base
491309,0015C3QY9WRC3XP,Epic Systems Corporation,Beacon Cancer Registry Reporting
493300,nan,nan,
493301,nan,nan,
500002,0015CCE123S5WK4,Epic Systems Corporation,Beaker Reportable Labs Reporting
500003,0015CU63GY58X0S,Epic Systems Corporation,Beaker Reportable Labs Reporting
500005,0015C2FVF76YBY1,Cerner Corporation,Electronic Case Reporting
500007,0015C0YER87VFV0,"Park Avenue Capital, LLC dba MaxMD",MaxMD Direct mdEmail®
500008,0015CMR2H5W8V1L,Epic Systems Corporation,Electronic Case Reporting
500011,0015CWD2653NY5L,Epic Systems Corporation,Beacon Cancer Registry Reporting
500014,0015CCE123S5WK4,Epic Systems Corporation,Beaker Reportable Labs Reporting
500015,0015C7VL76QPL81,Epic Systems Corporation,Electronic Case Reporting
500016,0015CPA198CWD9V,Epic Systems Corporation,Beacon Cancer Registry Reporting
500019,0015CCE123S5WK4,Epic Systems Corporation,Beaker Reportable Labs Reporting
50002,0015CE4ZXJ0FKT5,Secure Exchange Solutions,SES Direct
500021,0015CWD2653NY5L,Epic Systems Corporation,Beacon Cancer Registry Reporting
500024,0015CCE123S5WK4,Epic Systems Corporation,Beaker Reportable Labs Reporting
500025,0015CCE123S5WK4,Epic Systems Corporation,Beaker Reportable Labs Reporting
500026,0015CCE123S5WK4,Epic Systems Corporation,Beaker Reportable Labs Reporting
500027,0015CCE123S5WK4,Epic Systems Corporation,Beaker Reportable Labs Reporting
500030,0015CU48GML2XL5,Epic Systems Corporation,EpicCare Inpatient Base
500031,0015CEN1BQL9TF5,"Park Avenue Capital, LLC dba MaxMD",MaxMD Direct mdEmail®
500033,0015CAK9P2Z4SRY,Epic Systems Corporation,Beaker Reportable Labs Reporting
500036,nan,nan,
500037,0015CDA13YNK8F1,Cerner Corporation,Electronic Case Reporting
500039,0015CWD2653NY5L,Epic Systems Corporation,Beacon Cancer Registry Reporting
500041,0015CU48GML2XL5,Epic Systems Corporation,EpicCare Inpatient Base
500044,0015C7VL76QPL81,Epic Systems Corporation,Electronic Case Reporting
500050,0015CU48GML2XL5,Epic Systems Corporation,EpicCare Inpatient Base
500051,0015C8XCN16R6V5,Epic Systems Corporation,Beacon Cancer Registry Reporting
500052,nan,nan,
500053,0015C0UNC8R9VFR,"Medisolv, Inc.",ENCOR-e
500054,0015CCE123S5WK4,Epic Systems Corporation,Beaker Reportable Labs Reporting
500058,0015CCE123S5WK4,Epic Systems Corporation,Beaker Reportable Labs Reporting
50006,0015CCE123S5WK4,Epic Systems Corporation,Beaker Reportable Labs Reporting
500060,0015CU63GY58X0S,Epic Systems Corporation,Beaker Reportable Labs Reporting
500064,0015CMR2H5W8V1L,Epic Systems Corporation,Electronic Case Reporting
50007,0015C4J0ZKW5KKJ,Epic Systems Corporation,EpicCare Inpatient Base
500072,nan,nan,
500077,0015CCE123S5WK4,Epic Systems Corporation,Beaker Reportable Labs Reporting
500079,0015C7VL76QPL81,Epic Systems Corporation,Electronic Case Reporting
50008,0015C4J0ZKW5KKJ,Epic Systems Corporation,EpicCare Inpatient Base
500084,0015C257B7545Y1,Epic Systems Corporation,Beacon Cancer Registry Reporting
500088,0015CK7P6YG83PB,Epic Systems Corporation,Beacon Cancer Registry Reporting
50009,0015CCE123S5WK4,Epic Systems Corporation,Beaker Reportable Labs Reporting
500108,0015CWD2653NY5L,Epic Systems Corporation,Beacon Cancer Registry Reporting
500119,0015C7VL76QPL81,Epic Systems Corporation,Electronic Case Reporting
500124,0015C257B7545Y1,Epic Systems Corporation,Beacon Cancer Registry Reporting
500129,0015C7VL76QPL81,Epic Systems Corporation,Electronic Case Reporting
50013,0015C157LEG45RH,Cerner Corporation,Electronic Case Reporting
500139,0015C7VL76QPL81,Epic Systems Corporation,Electronic Case Reporting
50014,0015C4J0ZKW5KKJ,Epic Systems Corporation,EpicCare Inpatient Base
500141,0015CWD2653NY5L,Epic Systems Corporation,Beacon Cancer Registry Reporting
500150,0015CGT3KVG9VNU,Cerner Corporation,HealthSentry
500151,0015CWD2653NY5L,Epic Systems Corporation,Beacon Cancer Registry Reporting
500152,0015CCE123S5WK4,Epic Systems Corporation,Beaker Reportable Labs Reporting
500154,0015C7VL76QPL81,Epic Systems Corporation,Electronic Case Reporting
50017,0015C2FVF76YBY1,Cerner Corporation,Electronic Case Reporting
50022,0015C622YQ4JDC3,"Surescripts, LLC",Surescripts Clinical Direct Messaging
50024,0015CPN9PSL792F,"Surescripts, LLC",Surescripts Clinical Direct Messaging
50025,0015C8243MFV3V7,Epic Systems Corporation,Electronic Case Reporting
50026,0015C4M8199HQD9,Cerner Corporation,Electronic Lab Results
50028,0015CFG3Q10HY2V,"Inpriva, Inc.",hDirect Network Services
50030,0015CUM4DML93MD,Tenzing Medical LLC,Tenzing VistA
50036,0015C2FVF76YBY1,Cerner Corporation,Electronic Case Reporting
50038,0015C8XCN16R6V5,Epic Systems Corporation,Beacon Cancer Registry Reporting
50039,0015CHL24QZ8GAF,Epic Systems Corporation,Beacon Cancer Registry Reporting
50040,0015CGA18HTL43R,Cerner Corporation,Antimicrobial Usage and Resistance Reporting
50042,0015C2FVF76YBY1,Cerner Corporation,Electronic Case Reporting
50043,0015C4J0ZKW5KKJ,Epic Systems Corporation,EpicCare Inpatient Base
50045,nan,nan,
50047,0015C4J0ZKW5KKJ,Epic Systems Corporation,EpicCare Inpatient Base
50054,0015CG8HB6AJX7E,Altera Digital Health Inc.,Sunrise Acute Care for Hospital-based Providers
50055,0015C4J0ZKW5KKJ,Epic Systems Corporation,EpicCare Inpatient Base
50056,0015CKD4R73KP61,Cerner Corporation,Electronic Case Reporting
50057,0015CQB8ZM93KD6,Imprivata,Imprivata FairWarning
50058,0015C2FVF76YBY1,Cerner Corporation,Electronic Case Reporting
50060,0015CYT94LS81XV,Epic Systems Corporation,Beacon Cancer Registry Reporting
50063,nan,nan,
50067,0015CXV6SXC82UZ,"Surescripts, LLC",Surescripts Clinical Direct Messaging
50069,0015CCE123S5WK4,Epic Systems Corporation,Beaker Reportable Labs Reporting
50070,0015CBA2R7RYM5R,Cerner Corporation,Electronic Lab Results
50071,0015CBA2R7RYM5R,Cerner Corporation,Electronic Lab Results
50072,0015CBA2R7RYM5R,Cerner Corporation,Electronic Lab Results
50073,0015CBA2R7RYM5R,Cerner Corporation,Electronic Lab Results
50075,0015CBA2R7RYM5R,Cerner Corporation,Electronic Lab Results
50076,0015CBA2R7RYM5R,Cerner Corporation,Electronic Lab Results
50077,0015CWW3R9FPD02,Epic Systems Corporation,Beacon Cancer Registry Reporting
50078,0015CCE123S5WK4,Epic Systems Corporation,Beaker Reportable Labs Reporting
50082,0015C2FVF76YBY1,Cerner Corporation,Electronic Case Reporting
50084,0015C2FVF76YBY1,Cerner Corporation,Electronic Case Reporting
50089,0015C2FVF76YBY1,Cerner Corporation,Electronic Case Reporting
50090,0015CVU25PD3Q5Q,Epic Systems Corporation,Beaker Reportable Labs Reporting
50091,0015CQZ3GL3N8TR,"Premier Healthcare Solutions, Inc.",eCQM Calculator
50093,0015C8XCN16R6V5,Epic Systems Corporation,Beacon Cancer Registry Reporting
50099,0015CP0A87E25HC,Cerner Corporation,Antimicrobial Usage and Resistance Reporting
50100,0015C4M8199HQD9,Cerner Corporation,Electronic Lab Results
50101,0015C4J0ZKW5KKJ,Epic Systems Corporation,EpicCare Inpatient Base
50102,0015CFG3Q10HY2V,"Inpriva, Inc.",hDirect Network Services
50103,0015CRK3JSF2G8R,Cerner Corporation,Electronic Case Reporting
50104,0015C4H2WUK0S3A,Epic Systems Corporation,Beacon Cancer Registry Reporting
50107,0015C2FVF76YBY1,Cerner Corporation,Electronic Case Reporting
50108,0015C4J0ZKW5KKJ,Epic Systems Corporation,EpicCare Inpatient Base
50110,0015CW4VMW3NMY3,Altera Digital Health Inc.,Sunrise Acute Care
50112,0015C92F81YS48A,Epic Systems Corporation,Beacon Cancer Registry Reporting
50113,nan,nan,
50115,0015CYU98BFS719,Imprivata,Imprivata FairWarning
50116,0015C2FVF76YBY1,Cerner Corporation,Electronic Case Reporting
50118,0015CLT8S0A3MT6,Cerner Corporation,Electronic Case Reporting
50121,0015C157LEG45RH,Cerner Corporation,Electronic Case Reporting
50122,nan,nan,
50124,0015CXJ3MV2DVH6,Cerner Corporation,Electronic Case Reporting
50125,0015C622YQ4JDC3,"Surescripts, LLC",Surescripts Clinical Direct Messaging
50126,0015CPP8ZGY624Z,Secure Exchange Solutions,SES Direct
50127,0015C2FVF76YBY1,Cerner Corporation,Electronic Case Reporting
50128,0015C80E18RAW4X,Cerner Corporation,Electronic Case Reporting
50129,0015C2FVF76YBY1,Cerner Corporation,Electronic Case Reporting
501301,0015CT0PPT32RH0,Persivia,Persivia Platform
501302,nan,nan,
501303,0015CN9EAS3M8S0,"Inpriva, Inc.",hDirect Network Services
501304,nan,nan,
501305,nan,nan,
501307,0015C80E18RAW4X,Cerner Corporation,Electronic Case Reporting
501308,0015C5J3MDK5504,Cerner Corporation,HealtheLife
501309,0015CCE123S5WK4,Epic Systems Corporation,Beaker Reportable Labs Reporting
50131,0015C4J0ZKW5KKJ,Epic Systems Corporation,EpicCare Inpatient Base
501310,0015CEE1CEN0YLT,Epic Systems Corporation,EpicCare Inpatient Base
501311,0015CTG28FCG3KC,Epic Systems Corporation,Electronic Case Reporting
501312,0015C8N7RF7RBK1,Epic Systems Corporation,Beacon Cancer Registry Reporting
501313,nan,nan,
501314,nan,nan,
501315,nan,nan,
501316,0015CX2J8ARY2AR,EMR Direct,Interoperability Engine
501317,0015CP9C20PYA8V,Epic Systems Corporation,Beaker Reportable Labs Reporting
501318,0015C9G817T3P4T,"Park Avenue Capital, LLC dba MaxMD",MaxMD Direct mdEmail®
501319,0015CRA2385Y5A4,Cerner Corporation,Antimicrobial Usage and Resistance Reporting
50132,0015C7URE9RTG1U,"Inpriva, Inc.",hDirect Network Services
501320,0015CX0Z1ME27FE,"athenahealth, Inc.",athenaClinicals
501321,0015CP587BP0W9H,"Inpriva, Inc.",hDirect Network Services
501322,nan,nan,
501323,0015CZ8KJY1PZX4,Epic Systems Corporation,Beacon Cancer Registry Reporting
501324,0015CFG3Q10HY2V,"Inpriva, Inc.",hDirect Network Services
501325,0015CLB2SUC974H,"Park Avenue Capital, LLC dba MaxMD",MaxMD Direct mdEmail®
501326,0015CCE123S5WK4,Epic Systems Corporation,Beaker Reportable Labs Reporting
501327,0015CFY8W1LR5SA,Epic Systems Corporation,Beaker Reportable Labs Reporting
501328,0015CH0EJP0NAK5,Cerner Corporation,HealtheLife
501329,0015CU48GML2XL5,Epic Systems Corporation,EpicCare Inpatient Base
50133,0015C157LEG45RH,Cerner Corporation,Electronic Case Reporting
501330,0015CDA13YNK8F1,Cerner Corporation,Electronic Case Reporting
501331,0015CYQ66TFQ6B7,Epic Systems Corporation,Electronic Case Reporting
501332,0015C31HNQ9HAS8,Persivia,Persivia Platform
501333,0015CNP3UDD35XH,Cerner Corporation,Electronic Case Reporting
501334,0015CFG3Q10HY2V,"Inpriva, Inc.",hDirect Network Services
501335,0015CWD2653NY5L,Epic Systems Corporation,Beacon Cancer Registry Reporting
501336,0015C80E18RAW4X,Cerner Corporation,Electronic Case Reporting
501337,0015CNV6H8HD3U8,"Park Avenue Capital, LLC dba MaxMD",MaxMD Direct mdEmail®
501338,0015C8XCN16R6V5,Epic Systems Corporation,Beacon Cancer Registry Reporting
501339,0015C4WDL2ZKV35,"Medical Information Technology, Inc. (MEDITECH)",MEDITECH Public Health Interface Electronic Case Reporting
501340,0015CU48GML2XL5,Epic Systems Corporation,EpicCare Inpatient Base
50135,nan,nan,
50136,0015CCE123S5WK4,Epic Systems Corporation,Beaker Reportable Labs Reporting
50137,0015CBA2R7RYM5R,Cerner Corporation,Electronic Lab Results
50138,0015CBA2R7RYM5R,Cerner Corporation,Electronic Lab Results
50139,0015CBA2R7RYM5R,Cerner Corporation,Electronic Lab Results
50140,0015CBA2R7RYM5R,Cerner Corporation,Electronic Lab Results
50145,0015CUE5T17SNJ9,Epic Systems Corporation,Beacon Cancer Registry Reporting
50149,0015C2FVF76YBY1,Cerner Corporation,Electronic Case Reporting
50150,0015C2FVF76YBY1,Cerner Corporation,Electronic Case Reporting
50152,0015C2FVF76YBY1,Cerner Corporation,Electronic Case Reporting
50158,0015CPN9PSL792F,"Surescripts, LLC",Surescripts Clinical Direct Messaging
50159,0015CR6KGA17TUT,Becton Dickinson and Company,HealthSight Advisors
50167,0015C80E18RAW4X,Cerner Corporation,Electronic Case Reporting
50168,0015CCE123S5WK4,Epic Systems Corporation,Beaker Reportable Labs Reporting
50169,0015CF2C9MW8EHH,Altera Digital Health Inc.,Sunrise Acute Care
50174,0015CCE123S5WK4,Epic Systems Corporation,Beaker Reportable Labs Reporting
50179,0015CLT8S0A3MT6,Cerner Corporation,Electronic Case Reporting
50180,0015CYR9MTS49QR,Epic Systems Corporation,Beacon Cancer Registry Reporting
50191,0015C2FVF76YBY1,Cerner Corporation,Electronic Case Reporting
50192,0015C157LEG45RH,Cerner Corporation,Electronic Case Reporting
50194,0015C8CHE73ABS5,Secure Exchange Solutions,SES Direct
50195,0015CW3NXQ9AG42,Epic Systems Corporation,Beaker Reportable Labs Reporting
50197,0015C2FVF76YBY1,Cerner Corporation,Electronic Case Reporting
50204,0015CQC4AND9RQT,Cerner Corporation,Antimicrobial Usage and Resistance Reporting
50211,0015C4H2WUK0S3A,Epic Systems Corporation,Beacon Cancer Registry Reporting
50222,0015C4M8199HQD9,Cerner Corporation,Electronic Lab Results
50224,0015CWW3R9FPD02,Epic Systems Corporation,Beacon Cancer Registry Reporting
50226,0015CFG3Q10HY2V,"Inpriva, Inc.",hDirect Network Services
50228,0015C72L3UBY0KL,Epic Systems Corporation,Beacon Cancer Registry Reporting
50230,0015C4H2WUK0S3A,Epic Systems Corporation,Beacon Cancer Registry Reporting
50231,0015CP0A87E25HC,Cerner Corporation,Antimicrobial Usage and Resistance Reporting
50232,0015C2FVF76YBY1,Cerner Corporation,Electronic Case Reporting
50234,0015C4M8199HQD9,Cerner Corporation,Electronic Lab Results
50235,0015CCE123S5WK4,Epic Systems Corporation,Beaker Reportable Labs Reporting
50236,0015C157LEG45RH,Cerner Corporation,Electronic Case Reporting
50238,0015CW4VMW3NMY3,Altera Digital Health Inc.,Sunrise Acute Care
50239,0015C157LEG45RH,Cerner Corporation,Electronic Case Reporting
50242,0015C2FVF76YBY1,Cerner Corporation,Electronic Case Reporting
50243,0015CLT8S0A3MT6,Cerner Corporation,Electronic Case Reporting
50245,0015CWW3R9FPD02,Epic Systems Corporation,Beacon Cancer Registry Reporting
50248,0015C251KQF9595,EMR Direct,Interoperability Engine
50254,0015CVZ8NZE0N5M,Epic Systems Corporation,Beaker Reportable Labs Reporting
50257,0015CFG3Q10HY2V,"Inpriva, Inc.",hDirect Network Services
50261,0015CUQ8L4S9DNQ,"Surescripts, LLC",Surescripts Clinical Direct Messaging
50262,0015C92F81YS48A,Epic Systems Corporation,Beacon Cancer Registry Reporting
50272,nan,nan,
50276,0015C72L3UBY0KL,Epic Systems Corporation,Beacon Cancer Registry Reporting
50278,0015CCE123S5WK4,Epic Systems Corporation,Beaker Reportable Labs Reporting
50279,0015CLT8S0A3MT6,Cerner Corporation,Electronic Case Reporting
50280,0015C2FVF76YBY1,Cerner Corporation,Electronic Case Reporting
50281,0015C946ANU9N81,MedAllies,MedAllies Direct Solutions™
50283,0015CHL24QZ8GAF,Epic Systems Corporation,Beacon Cancer Registry Reporting
50289,0015CFG3Q10HY2V,"Inpriva, Inc.",hDirect Network Services
50290,0015CCE123S5WK4,Epic Systems Corporation,Beaker Reportable Labs Reporting
50291,0015C4J0ZKW5KKJ,Epic Systems Corporation,EpicCare Inpatient Base
50292,0015C4J0ZKW5KKJ,Epic Systems Corporation,EpicCare Inpatient Base
50295,0015C2FVF76YBY1,Cerner Corporation,Electronic Case Reporting
50298,0015C8CHE73ABS5,Secure Exchange Solutions,SES Direct
50300,0015CCE123S5WK4,Epic Systems Corporation,Beaker Reportable Labs Reporting
50301,0015C157LEG45RH,Cerner Corporation,Electronic Case Reporting
50305,0015C4J0ZKW5KKJ,Epic Systems Corporation,EpicCare Inpatient Base
50308,0015C4GFY7U33W6,Epic Systems Corporation,Beacon Cancer Registry Reporting
50309,0015C4J0ZKW5KKJ,Epic Systems Corporation,EpicCare Inpatient Base
50313,0015C4J0ZKW5KKJ,Epic Systems Corporation,EpicCare Inpatient Base
50315,0015C5LFV335W0K,Cerner Corporation,Electronic Case Reporting
50320,0015C4H2WUK0S3A,Epic Systems Corporation,Beacon Cancer Registry Reporting
50324,0015CWW3R9FPD02,Epic Systems Corporation,Beacon Cancer Registry Reporting
50327,0015CBN98XPZ9QM,Epic Systems Corporation,Beacon Cancer Registry Reporting
50329,0015CQC4AND9RQT,Cerner Corporation,Antimicrobial Usage and Resistance Reporting
503300,nan,nan,
503301,nan,nan,
503302,nan,nan,
50334,0015CXF62FCZ8VX,Secure Exchange Solutions,SES Direct
50335,0015C157LEG45RH,Cerner Corporation,Electronic Case Reporting
50336,0015C157LEG45RH,Cerner Corporation,Electronic Case Reporting
50342,nan,nan,
50348,0015C7J3NZX7XGG,Epic Systems Corporation,EpicCare Ambulatory Base
50350,nan,nan,
50351,0015CYS34CWF6CD,Cerner Corporation,Electronic Case Reporting
50352,0015CWW3R9FPD02,Epic Systems Corporation,Beacon Cancer Registry Reporting
50353,0015CCE123S5WK4,Epic Systems Corporation,Beaker Reportable Labs Reporting
50357,0015CUE5T17SNJ9,Epic Systems Corporation,Beacon Cancer Registry Reporting
50360,0015CWV39V23WRL,Epic Systems Corporation,Beacon Cancer Registry Reporting
50367,0015CN78HDP53FJ,Imprivata,FairWarning® Patient Privacy Monitoring
50373,0015CGA18HTL43R,Cerner Corporation,Antimicrobial Usage and Resistance Reporting
50376,0015CGA18HTL43R,Cerner Corporation,Antimicrobial Usage and Resistance Reporting
50378,nan,nan,
50380,0015C622YQ4JDC3,"Surescripts, LLC",Surescripts Clinical Direct Messaging
50382,0015C9C2SQ9587T,Secure Exchange Solutions,SES Direct
50390,nan,nan,
50393,0015CF2C9MW8EHH,Altera Digital Health Inc.,Sunrise Acute Care
50394,0015CV0HYF5X01F,Picis PulseCheck,PulseCheck ED
50396,0015CUE5T17SNJ9,Epic Systems Corporation,Beacon Cancer Registry Reporting
50407,0015CND5SVV3P54,Cerner Corporation,Electronic Case Reporting
50411,0015CBA2R7RYM5R,Cerner Corporation,Electronic Lab Results
50414,0015C2FVF76YBY1,Cerner Corporation,Electronic Case Reporting
50417,0015C4J0ZKW5KKJ,Epic Systems Corporation,EpicCare Inpatient Base
50424,0015CWW3R9FPD02,Epic Systems Corporation,Beacon Cancer Registry Reporting
50425,0015CBA2R7RYM5R,Cerner Corporation,Electronic Lab Results
50426,0015C4H2WUK0S3A,Epic Systems Corporation,Beacon Cancer Registry Reporting
50438,0015C37LQ6AGJ22,Cerner Corporation,Electronic Lab Results
50441,0015CHL24QZ8GAF,Epic Systems Corporation,Beacon Cancer Registry Reporting
50444,0015C2FVF76YBY1,Cerner Corporation,Electronic Case Reporting
50454,0015CWV39V23WRL,Epic Systems Corporation,Beacon Cancer Registry Reporting
50455,0015C157LEG45RH,Cerner Corporation,Electronic Case Reporting
50457,0015C2FVF76YBY1,Cerner Corporation,Electronic Case Reporting
50464,0015CLT8S0A3MT6,Cerner Corporation,Electronic Case Reporting
50468,0015CQZ3GL3N8TR,"Premier Healthcare Solutions, Inc.",eCQM Calculator
50471,0015CF2C9MW8EHH,Altera Digital Health Inc.,Sunrise Acute Care
50481,0015C622YQ4JDC3,"Surescripts, LLC",Surescripts Clinical Direct Messaging
50485,0015CWW3R9FPD02,Epic Systems Corporation,Beacon Cancer Registry Reporting
50488,0015C4J0ZKW5KKJ,Epic Systems Corporation,EpicCare Inpatient Base
50492,0015CYT94LS81XV,Epic Systems Corporation,Beacon Cancer Registry Reporting
50496,0015CYR9MTS49QR,Epic Systems Corporation,Beacon Cancer Registry Reporting
50498,0015C4J0ZKW5KKJ,Epic Systems Corporation,EpicCare Inpatient Base
50503,0015CWW3R9FPD02,Epic Systems Corporation,Beacon Cancer Registry Reporting
50506,0015CLT8S0A3MT6,Cerner Corporation,Electronic Case Reporting
50510,0015CBA2R7RYM5R,Cerner Corporation,Electronic Lab Results
50512,0015CBA2R7RYM5R,Cerner Corporation,Electronic Lab Results
50515,0015CBA2R7RYM5R,Cerner Corporation,Electronic Lab Results
50516,0015C2FVF76YBY1,Cerner Corporation,Electronic Case Reporting
50517,nan,nan,
50523,0015C4J0ZKW5KKJ,Epic Systems Corporation,EpicCare Inpatient Base
50526,0015C4H2WUK0S3A,Epic Systems Corporation,Beacon Cancer Registry Reporting
50528,0015C4J0ZKW5KKJ,Epic Systems Corporation,EpicCare Inpatient Base
50534,0015CLT8S0A3MT6,Cerner Corporation,Electronic Case Reporting
50537,0015C4J0ZKW5KKJ,Epic Systems Corporation,EpicCare Inpatient Base
50541,0015CBA2R7RYM5R,Cerner Corporation,Electronic Lab Results
50543,0015CFG3Q10HY2V,"Inpriva, Inc.",hDirect Network Services
50546,nan,nan,
50549,0015C622YQ4JDC3,"Surescripts, LLC",Surescripts Clinical Direct Messaging
50551,0015CLT8S0A3MT6,Cerner Corporation,Electronic Case Reporting
50557,0015C4J0ZKW5KKJ,Epic Systems Corporation,EpicCare Inpatient Base
50561,0015CBA2R7RYM5R,Cerner Corporation,Electronic Lab Results
50567,0015CCE123S5WK4,Epic Systems Corporation,Beaker Reportable Labs Reporting
50570,0015CLT8S0A3MT6,Cerner Corporation,Electronic Case Reporting
50573,0015CYT94LS81XV,Epic Systems Corporation,Beacon Cancer Registry Reporting
50580,0015C4H2WUK0S3A,Epic Systems Corporation,Beacon Cancer Registry Reporting
50581,0015CLT8S0A3MT6,Cerner Corporation,Electronic Case Reporting
50586,0015C9U6ZQZ37W5,"Surescripts, LLC",Surescripts Clinical Direct Messaging
50588,0015CPN9PSL792F,"Surescripts, LLC",Surescripts Clinical Direct Messaging
50589,0015CLT8S0A3MT6,Cerner Corporation,Electronic Case Reporting
50590,0015C2FVF76YBY1,Cerner Corporation,Electronic Case Reporting
50597,0015C9C2SQ9587T,Secure Exchange Solutions,SES Direct
50599,0015CU7QLU3GWP1,Epic Systems Corporation,Beaker Reportable Labs Reporting
50603,0015CWW3R9FPD02,Epic Systems Corporation,Beacon Cancer Registry Reporting
50604,0015CBA2R7RYM5R,Cerner Corporation,Electronic Lab Results
50608,0015C157LEG45RH,Cerner Corporation,Electronic Case Reporting
50609,0015CBA2R7RYM5R,Cerner Corporation,Electronic Lab Results
50624,0015CN0Y6CHX0T1,Imprivata,Imprivata FairWarning
50625,0015CXC0PNC1KKR,Epic Systems Corporation,Beacon Cancer Registry Reporting
50633,0015CLT8S0A3MT6,Cerner Corporation,Electronic Case Reporting
50636,0015CYU98BFS719,Imprivata,Imprivata FairWarning
50641,0015CQZ3GL3N8TR,"Premier Healthcare Solutions, Inc.",eCQM Calculator
50663,nan,nan,
50668,0015C72L3UBY0KL,Epic Systems Corporation,Beacon Cancer Registry Reporting
50674,0015CBA2R7RYM5R,Cerner Corporation,Electronic Lab Results
50677,0015CBA2R7RYM5R,Cerner Corporation,Electronic Lab Results
50678,0015CWW3R9FPD02,Epic Systems Corporation,Beacon Cancer Registry Reporting
50684,nan,nan,
50686,0015CBA2R7RYM5R,Cerner Corporation,Electronic Lab Results
50689,0015CLT8S0A3MT6,Cerner Corporation,Electronic Case Reporting
50690,0015CBA2R7RYM5R,Cerner Corporation,Electronic Lab Results
50696,0015CXJ3MV2DVH6,Cerner Corporation,Electronic Case Reporting
50697,nan,nan,
50701,0015CQC4AND9RQT,Cerner Corporation,Antimicrobial Usage and Resistance Reporting
50704,0015CQZ3GL3N8TR,"Premier Healthcare Solutions, Inc.",eCQM Calculator
50708,0015CKK7MP78XYA,Secure Exchange Solutions,SES Direct
50709,0015CPN9PSL792F,"Surescripts, LLC",Surescripts Clinical Direct Messaging
50710,0015CBA2R7RYM5R,Cerner Corporation,Electronic Lab Results
50714,0015C4J0ZKW5KKJ,Epic Systems Corporation,EpicCare Inpatient Base
50717,0015CGA18HTL43R,Cerner Corporation,Antimicrobial Usage and Resistance Reporting
50723,0015CBA2R7RYM5R,Cerner Corporation,Electronic Lab Results
50726,0015CFG3Q10HY2V,"Inpriva, Inc.",hDirect Network Services
50735,0015CFG3Q10HY2V,"Inpriva, Inc.",hDirect Network Services
50736,0015CFG3Q10HY2V,"Inpriva, Inc.",hDirect Network Services
50737,0015CFG3Q10HY2V,"Inpriva, Inc.",hDirect Network Services
50738,0015CFG3Q10HY2V,"Inpriva, Inc.",hDirect Network Services
50739,0015CPN9PSL792F,"Surescripts, LLC",Surescripts Clinical Direct Messaging
50740,0015CG5CLD1GTB9,Epic Systems Corporation,Beacon Cancer Registry Reporting
50744,nan,nan,
50745,nan,nan,
50746,nan,nan,
50747,nan,nan,
50748,0015CBA2R7RYM5R,Cerner Corporation,Electronic Lab Results
50755,0015CPN9PSL792F,"Surescripts, LLC",Surescripts Clinical Direct Messaging
50758,0015CPN9PSL792F,"Surescripts, LLC",Surescripts Clinical Direct Messaging
50760,0015CBA2R7RYM5R,Cerner Corporation,Electronic Lab Results
50761,0015CCE123S5WK4,Epic Systems Corporation,Beaker Reportable Labs Reporting
50763,0015CWG0YQG9WFG,Azalea Health,Azalea EHR
50764,0015CPN9PSL792F,"Surescripts, LLC",Surescripts Clinical Direct Messaging
50765,0015CBA2R7RYM5R,Cerner Corporation,Electronic Lab Results
50766,0015C40C0YCP4T4,MedAllies,MedAllies Direct Solutions™
50767,0015CBA2R7RYM5R,Cerner Corporation,Electronic Lab Results
50769,0015CWW3R9FPD02,Epic Systems Corporation,Beacon Cancer Registry Reporting
50770,0015CBN98XPZ9QM,Epic Systems Corporation,Beacon Cancer Registry Reporting
50771,0015CQZ3GL3N8TR,"Premier Healthcare Solutions, Inc.",eCQM Calculator
50772,0015CBA2R7RYM5R,Cerner Corporation,Electronic Lab Results
50775,0015CQC4AND9RQT,Cerner Corporation,Antimicrobial Usage and Resistance Reporting
50776,0015CPN6C6FU7GS,Cerner Corporation,Electronic Case Reporting
50777,0015CBA2R7RYM5R,Cerner Corporation,Electronic Lab Results
50778,0015CBN98XPZ9QM,Epic Systems Corporation,Beacon Cancer Registry Reporting
50779,0015CJT3BNY6PUU,Cerner Corporation,Electronic Lab Results
50780,nan,nan,
50782,0015C0WLD7QDY9E,"Park Avenue Capital, LLC dba MaxMD",MaxMD Direct mdEmail®
50783,0015CFG3Q10HY2V,"Inpriva, Inc.",hDirect Network Services
50784,0015C157LEG45RH,Cerner Corporation,Electronic Case Reporting
50785,0015CFG3Q10HY2V,"Inpriva, Inc.",hDirect Network Services
50854,nan,nan,
50855,nan,nan,
510001,0015CHA9ZLS6ELS,Epic Systems Corporation,Beacon Cancer Registry Reporting
510002,0015C37TE91ML7A,Cerner Corporation,Electronic Lab Results
510006,0015CHA9ZLS6ELS,Epic Systems Corporation,Beacon Cancer Registry Reporting
510007,0015CZX22C1C7T3,Cerner Corporation,Soarian Clinicals
510008,0015CHA9ZLS6ELS,Epic Systems Corporation,Beacon Cancer Registry Reporting
510012,0015CPN4TFD2G2M,Secure Exchange Solutions,SES Direct
510013,0015CHA9ZLS6ELS,Epic Systems Corporation,Beacon Cancer Registry Reporting
510022,0015CYU7C53TD2D,Cerner Corporation,Electronic Case Reporting
510023,nan,nan,
510024,0015CNT4DZ52P4A,Cerner Corporation,Electronic Case Reporting
510029,0015CV590B21RQ5,"Surescripts, LLC",Surescripts Clinical Direct Messaging
510030,nan,nan,
510031,0015CV590B21RQ5,"Surescripts, LLC",Surescripts Clinical Direct Messaging
510038,0015C4DPR23A8VK,Cerner Corporation,Antimicrobial Usage and Resistance Reporting
510046,0015CHA9ZLS6ELS,Epic Systems Corporation,Beacon Cancer Registry Reporting
510048,0015CR7H67DHU49,MEDHOST,MEDHOST EDIS
510050,0015CHA9ZLS6ELS,Epic Systems Corporation,Beacon Cancer Registry Reporting
510055,0015CJY45E2ZRJ9,Imprivata,Imprivata FairWarning
510058,0015CHA9ZLS6ELS,Epic Systems Corporation,Beacon Cancer Registry Reporting
510062,0015C946ANU9N81,MedAllies,MedAllies Direct Solutions™
510070,0015CAS9V1KKB5P,"Surescripts, LLC",Surescripts Clinical Direct Messaging
510072,0015CHA9ZLS6ELS,Epic Systems Corporation,Beacon Cancer Registry Reporting
510086,0015CSP20HYW41Z,"Dynamic Health IT, Inc",ConnectEHR +BulkFHIR
510091,nan,nan,
510093,0015CNT4DZ52P4A,Cerner Corporation,Electronic Case Reporting
511300,nan,nan,
511301,0015CW40F8CZL04,DrFirst,Rcopia
511303,0015CT0PPT32RH0,Persivia,Persivia Platform
511304,0015CUP1MAR3PAU,"Medical Information Technology, Inc. (MEDITECH)",MEDITECH Public Health Interface Electronic Case Reporting
511306,0015CPS2HKE8FKU,Secure Exchange Solutions,SES Direct
511307,0015CFG3Q10HY2V,"Inpriva, Inc.",hDirect Network Services
511308,0015CHA9ZLS6ELS,Epic Systems Corporation,Beacon Cancer Registry Reporting
511309,0015CD9P4WDH5L9,Epic Systems Corporation,Beacon Cancer Registry Reporting
511310,0015C946ANU9N81,MedAllies,MedAllies Direct Solutions™
511311,0015CD9P4WDH5L9,Epic Systems Corporation,Beacon Cancer Registry Reporting
511312,0015CFG3Q10HY2V,"Inpriva, Inc.",hDirect Network Services
511313,0015CFG3Q10HY2V,"Inpriva, Inc.",hDirect Network Services
511314,0015C8CHE73ABS5,Secure Exchange Solutions,SES Direct
511315,0015CHA9ZLS6ELS,Epic Systems Corporation,Beacon Cancer Registry Reporting
511316,0015C3QXM8C95Y8,Secure Exchange Solutions,SES Direct
511317,0015CJ56ZW1XR5J,"InterOperability Bidco, Inc., d.b.a. Rhapsody",Rhapsody Integration Engine
511318,nan,nan,
511319,0015CHA9ZLS6ELS,Epic Systems Corporation,Beacon Cancer Registry Reporting
511320,0015CHA9ZLS6ELS,Epic Systems Corporation,Beacon Cancer Registry Reporting
511321,0015CHA9ZLS6ELS,Epic Systems Corporation,Beacon Cancer Registry Reporting
511322,0015CHA9ZLS6ELS,Epic Systems Corporation,Beacon Cancer Registry Reporting
51300,0015C653E6J0GQN,Cerner Corporation,Electronic Case Reporting
51301,0015C157LEG45RH,Cerner Corporation,Electronic Case Reporting
51302,nan,nan,
51303,0015CND5SVV3P54,Cerner Corporation,Electronic Case Reporting
51304,0015CFG3Q10HY2V,"Inpriva, Inc.",hDirect Network Services
51305,nan,nan,
51306,0015CFG3Q10HY2V,"Inpriva, Inc.",hDirect Network Services
51307,0015CT0PPT32RH0,Persivia,Persivia Platform
51308,nan,nan,
51309,nan,nan,
51310,0015C157LEG45RH,Cerner Corporation,Electronic Case Reporting
51311,0015CFG3Q10HY2V,"Inpriva, Inc.",hDirect Network Services
51312,0015CW40F8CZL04,DrFirst,Rcopia
51314,0015CFG3Q10HY2V,"Inpriva, Inc.",hDirect Network Services
51315,nan,nan,
51316,0015C3SXC0QR2XM,Epic Systems Corporation,Beaker Reportable Labs Reporting
51317,0015C157LEG45RH,Cerner Corporation,Electronic Case Reporting
51318,0015CCE123S5WK4,Epic Systems Corporation,Beaker Reportable Labs Reporting
51319,0015C2FVF76YBY1,Cerner Corporation,Electronic Case Reporting
51320,0015CWG9E12DJH8,Imprivata,Imprivata FairWarning
51321,0015C1NLV7PQ39U,Epic Systems Corporation,Beaker Reportable Labs Reporting
51323,0015CFG3Q10HY2V,"Inpriva, Inc.",hDirect Network Services
51324,0015CZA17190012,Cerner Corporation,Antimicrobial Usage and Resistance Reporting
51325,0015C157LEG45RH,Cerner Corporation,Electronic Case Reporting
51326,0015C4DPR23A8VK,Cerner Corporation,Antimicrobial Usage and Resistance Reporting
51327,0015C80E18RAW4X,Cerner Corporation,Electronic Case Reporting
51328,0015C4813GJT60L,Epic Systems Corporation,EpicCare Ambulatory Base
51329,0015C4J0ZKW5KKJ,Epic Systems Corporation,EpicCare Inpatient Base
51330,nan,nan,
51331,0015CUE5T17SNJ9,Epic Systems Corporation,Beacon Cancer Registry Reporting
51332,0015CQH4Y0JEX4M,"Surescripts, LLC",Surescripts Clinical Direct Messaging
51333,0015CMM9HZK85QN,"Premier Healthcare Solutions, Inc.",eCQM Calculator
51334,0015CNQ4F0XGC7H,MedAllies,MedAllies Direct Solutions™
51335,nan,nan,
51336,nan,nan,
51337,nan,nan,
51338,nan,nan,
51339,nan,nan,
520002,0015CHA02ZW66FN,Epic Systems Corporation,Beacon Cancer Registry Reporting
520004,0015CVV17E9ZY7H,Epic Systems Corporation,Electronic Case Reporting
520008,0015C35JWG4PN8A,Epic Systems Corporation,Beacon Cancer Registry Reporting
520009,0015CWW3R9FPD02,Epic Systems Corporation,Beacon Cancer Registry Reporting
520011,0015CXT5F9VF8YA,Cerner Corporation,Electronic Case Reporting
520019,0015CHA02ZW66FN,Epic Systems Corporation,Beacon Cancer Registry Reporting
520021,0015CW60RJR0PGC,Epic Systems Corporation,Beaker Reportable Labs Reporting
520028,0015CVV5PFX9JXM,Epic Systems Corporation,Beaker Reportable Labs Reporting
520030,0015CHA02ZW66FN,Epic Systems Corporation,Beacon Cancer Registry Reporting
520033,0015CHA02ZW66FN,Epic Systems Corporation,Beacon Cancer Registry Reporting
520034,0015C4H2WUK0S3A,Epic Systems Corporation,Beacon Cancer Registry Reporting
520035,0015C4H2WUK0S3A,Epic Systems Corporation,Beacon Cancer Registry Reporting
520037,0015CXT5F9VF8YA,Cerner Corporation,Electronic Case Reporting
520038,0015C4H2WUK0S3A,Epic Systems Corporation,Beacon Cancer Registry Reporting
520041,0015CHA02ZW66FN,Epic Systems Corporation,Beacon Cancer Registry Reporting
520044,0015CR6SSM3WFY2,Epic Systems Corporation,Beacon Cancer Registry Reporting
520045,nan,nan,
520049,0015CUE5T17SNJ9,Epic Systems Corporation,Beacon Cancer Registry Reporting
520051,0015CWW3R9FPD02,Epic Systems Corporation,Beacon Cancer Registry Reporting
520057,0015CVV5PFX9JXM,Epic Systems Corporation,Beaker Reportable Labs Reporting
520059,0015C4H2WUK0S3A,Epic Systems Corporation,Beacon Cancer Registry Reporting
520062,0015C35JWG4PN8A,Epic Systems Corporation,Beacon Cancer Registry Reporting
520063,0015CW60RJR0PGC,Epic Systems Corporation,Beaker Reportable Labs Reporting
520066,0015CMF2FYX4J3H,Epic Systems Corporation,Beacon Cancer Registry Reporting
520070,0015CVV17E9ZY7H,Epic Systems Corporation,Electronic Case Reporting
520071,nan,nan,
520075,0015CR6SSM3WFY2,Epic Systems Corporation,Beacon Cancer Registry Reporting
520076,0015CXT5F9VF8YA,Cerner Corporation,Electronic Case Reporting
520078,0015CWW3R9FPD02,Epic Systems Corporation,Beacon Cancer Registry Reporting
520083,0015CVV5PFX9JXM,Epic Systems Corporation,Beaker Reportable Labs Reporting
520087,0015CUU3SZK16E8,Epic Systems Corporation,EpicCare Ambulatory Base
520088,0015CVV5PFX9JXM,Epic Systems Corporation,Beaker Reportable Labs Reporting
520089,0015CWW3R9FPD02,Epic Systems Corporation,Beacon Cancer Registry Reporting
520091,0015CHA02ZW66FN,Epic Systems Corporation,Beacon Cancer Registry Reporting
520095,0015CLG8X1DGM71,"Medical Information Technology, Inc. (MEDITECH)",MEDITECH Public Health Interface Electronic Case Reporting
520096,0015CWW3R9FPD02,Epic Systems Corporation,Beacon Cancer Registry Reporting
520097,0015CR6SSM3WFY2,Epic Systems Corporation,Beacon Cancer Registry Reporting
520098,0015CWW3R9FPD02,Epic Systems Corporation,Beacon Cancer Registry Reporting
520100,0015CP0A87E25HC,Cerner Corporation,Antimicrobial Usage and Resistance Reporting
520102,0015C4H2WUK0S3A,Epic Systems Corporation,Beacon Cancer Registry Reporting
520103,0015CW60RJR0PGC,Epic Systems Corporation,Beaker Reportable Labs Reporting
520107,0015CW60RJR0PGC,Epic Systems Corporation,Beaker Reportable Labs Reporting
520109,0015C5XY3J60J8A,Secure Exchange Solutions,SES Direct
520113,0015C4H2WUK0S3A,Epic Systems Corporation,Beacon Cancer Registry Reporting
520116,0015CF2J765A00A,"Medisolv, Inc.",ENCOR-e
520136,0015CWW3R9FPD02,Epic Systems Corporation,Beacon Cancer Registry Reporting
520138,0015C4H2WUK0S3A,Epic Systems Corporation,Beacon Cancer Registry Reporting
520139,0015C4H2WUK0S3A,Epic Systems Corporation,Beacon Cancer Registry Reporting
520160,nan,nan,
520177,0015CW60RJR0PGC,Epic Systems Corporation,Beaker Reportable Labs Reporting
520189,0015C4H2WUK0S3A,Epic Systems Corporation,Beacon Cancer Registry Reporting
520193,0015C4H2WUK0S3A,Epic Systems Corporation,Beacon Cancer Registry Reporting
520194,0015CPF0FPJ94QN,Secure Exchange Solutions,SES Direct
520196,0015CJA8FD70G2Z,MedAllies,MedAllies Direct Solutions™
520198,0015C4H2WUK0S3A,Epic Systems Corporation,Beacon Cancer Registry Reporting
520202,0015CXT5F9VF8YA,Cerner Corporation,Electronic Case Reporting
520205,0015CWW3R9FPD02,Epic Systems Corporation,Beacon Cancer Registry Reporting
520206,0015C4H2WUK0S3A,Epic Systems Corporation,Beacon Cancer Registry Reporting
520207,0015C4H2WUK0S3A,Epic Systems Corporation,Beacon Cancer Registry Reporting
520208,0015CVV5PFX9JXM,Epic Systems Corporation,Beaker Reportable Labs Reporting
520210,0015CXT5F9VF8YA,Cerner Corporation,Electronic Case Reporting
520212,0015CXT5F9VF8YA,Cerner Corporation,Electronic Case Reporting
520213,0015CW60RJR0PGC,Epic Systems Corporation,Beaker Reportable Labs Reporting
520214,nan,nan,
520215,0015CXT5F9VF8YA,Cerner Corporation,Electronic Case Reporting
521300,0015CHA02ZW66FN,Epic Systems Corporation,Beacon Cancer Registry Reporting
521302,0015CVV17E9ZY7H,Epic Systems Corporation,Electronic Case Reporting
521303,nan,nan,
521304,0015CUU3SZK16E8,Epic Systems Corporation,EpicCare Ambulatory Base
521305,0015CVV17E9ZY7H,Epic Systems Corporation,Electronic Case Reporting
521307,0015CEL8EWK7PAH,Cerner Corporation,Electronic Case Reporting
521308,0015CWW3R9FPD02,Epic Systems Corporation,Beacon Cancer Registry Reporting
521309,0015CUU3SZK16E8,Epic Systems Corporation,EpicCare Ambulatory Base
521310,0015CR6SSM3WFY2,Epic Systems Corporation,Beacon Cancer Registry Reporting
521311,0015CHA02ZW66FN,Epic Systems Corporation,Beacon Cancer Registry Reporting
521312,0015CWW3R9FPD02,Epic Systems Corporation,Beacon Cancer Registry Reporting
521313,0015CHA02ZW66FN,Epic Systems Corporation,Beacon Cancer Registry Reporting
521314,0015CVV17E9ZY7H,Epic Systems Corporation,Electronic Case Reporting
521315,0015CVV17E9ZY7H,Epic Systems Corporation,Electronic Case Reporting
521316,0015CUU3SZK16E8,Epic Systems Corporation,EpicCare Ambulatory Base
521317,0015CWW3R9FPD02,Epic Systems Corporation,Beacon Cancer Registry Reporting
521318,nan,nan,
521319,0015CAT64R4633W,Epic Systems Corporation,Beaker Reportable Labs Reporting
521320,0015CUU3SZK16E8,Epic Systems Corporation,EpicCare Ambulatory Base
521321,0015CVV5PFX9JXM,Epic Systems Corporation,Beaker Reportable Labs Reporting
521322,0015CWW3R9FPD02,Epic Systems Corporation,Beacon Cancer Registry Reporting
521323,0015CXT5F9VF8YA,Cerner Corporation,Electronic Case Reporting
521324,0015CHA02ZW66FN,Epic Systems Corporation,Beacon Cancer Registry Reporting
521325,0015CXT5F9VF8YA,Cerner Corporation,Electronic Case Reporting
521326,nan,nan,
521327,0015CVV5PFX9JXM,Epic Systems Corporation,Beaker Reportable Labs Reporting
521328,0015CXT5F9VF8YA,Cerner Corporation,Electronic Case Reporting
521329,0015CRT7Y4XJX42,Epic Systems Corporation,Beacon Cancer Registry Reporting
521330,0015CUU3SZK16E8,Epic Systems Corporation,EpicCare Ambulatory Base
521331,nan,nan,
521332,0015CRT7Y4XJX42,Epic Systems Corporation,Beacon Cancer Registry Reporting
521333,0015C653E6J0GQN,Cerner Corporation,Electronic Case Reporting
521334,nan,nan,
521335,0015CWW3R9FPD02,Epic Systems Corporation,Beacon Cancer Registry Reporting
521336,0015CRT7Y4XJX42,Epic Systems Corporation,Beacon Cancer Registry Reporting
521337,0015CUE5T17SNJ9,Epic Systems Corporation,Beacon Cancer Registry Reporting
521338,0015CXT7EU819YM,Epic Systems Corporation,Beaker Reportable Labs Reporting
521339,0015CHA02ZW66FN,Epic Systems Corporation,Beacon Cancer Registry Reporting
521340,0015CVV17E9ZY7H,Epic Systems Corporation,Electronic Case Reporting
521341,0015C3NPP3HHE1B,"Park Avenue Capital, LLC dba MaxMD",MaxMD Direct mdEmail®
521342,nan,nan,
521343,0015CAT64R4633W,Epic Systems Corporation,Beaker Reportable Labs Reporting
521344,0015CUU3SZK16E8,Epic Systems Corporation,EpicCare Ambulatory Base
521345,0015CWW3R9FPD02,Epic Systems Corporation,Beacon Cancer Registry Reporting
521346,nan,nan,
521347,0015CUE5T17SNJ9,Epic Systems Corporation,Beacon Cancer Registry Reporting
521348,0015CUU3SZK16E8,Epic Systems Corporation,EpicCare Ambulatory Base
521349,0015CUE5T17SNJ9,Epic Systems Corporation,Beacon Cancer Registry Reporting
521350,0015CHA02ZW66FN,Epic Systems Corporation,Beacon Cancer Registry Reporting
521351,0015CWW3R9FPD02,Epic Systems Corporation,Beacon Cancer Registry Reporting
521352,0015CAT64R4633W,Epic Systems Corporation,Beaker Reportable Labs Reporting
521353,0015C3TY2JBW239,DrFirst,Rcopia
521354,0015CXT7EU819YM,Epic Systems Corporation,Beaker Reportable Labs Reporting
521355,nan,nan,
521356,0015CUE5T17SNJ9,Epic Systems Corporation,Beacon Cancer Registry Reporting
521357,0015CMF2FYX4J3H,Epic Systems Corporation,Beacon Cancer Registry Reporting
521358,0015C9QX76NBY85,Secure Exchange Solutions,SES Direct
521359,0015CRT7Y4XJX42,Epic Systems Corporation,Beacon Cancer Registry Reporting
523300,nan,nan,
523302,nan,nan,
530002,0015CSK53WER13K,"Medical Information Technology, Inc. (MEDITECH)",MEDITECH Public Health Interface Electronic Case Reporting
530006,0015CXB97P1U4J5,Cerner Corporation,Antimicrobial Usage and Resistance Reporting
530008,0015CC4NC7PMU4W,Secure Exchange Solutions,SES Direct
530011,0015CQA5JMG26QY,Cerner Corporation,Antimicrobial Usage and Resistance Reporting
530012,0015CWG9E12DJH8,Imprivata,Imprivata FairWarning
530014,0015CWW3R9FPD02,Epic Systems Corporation,Beacon Cancer Registry Reporting
530015,0015C80E18RAW4X,Cerner Corporation,Electronic Case Reporting
530025,0015CAK9A8GS8FC,Epic Systems Corporation,Beaker Reportable Labs Reporting
530032,0015C8CHE73ABS5,Secure Exchange Solutions,SES Direct
530034,0015CUK4064620V,Secure Exchange Solutions,SES Direct
530037,nan,nan,
531301,0015CG9EYN4SXX0,Cerner Corporation,Electronic Case Reporting
531302,nan,nan,
531303,0015CB4Q6H2XYT7,Epic Systems Corporation,Beacon Cancer Registry Reporting
531304,0015CG9EYN4SXX0,Cerner Corporation,Electronic Case Reporting
531305,0015CWG9E12DJH8,Imprivata,Imprivata FairWarning
531306,0015CWG9E12DJH8,Imprivata,Imprivata FairWarning
531307,0015CWG9E12DJH8,Imprivata,Imprivata FairWarning
531308,0015CFG3Q10HY2V,"Inpriva, Inc.",hDirect Network Services
531309,0015CG9EYN4SXX0,Cerner Corporation,Electronic Case Reporting
531310,0015CG9EYN4SXX0,Cerner Corporation,Electronic Case Reporting
531311,nan,nan,
531312,0015C0DCY0BK7AU,Epic Systems Corporation,Beacon Cancer Registry Reporting
531313,0015CD6XLP4D8E8,Epic Systems Corporation,Beacon Cancer Registry Reporting
531314,0015CT0PPT32RH0,Persivia,Persivia Platform
531315,0015CFG3Q10HY2V,"Inpriva, Inc.",hDirect Network Services
531316,0015CMJ8XDN1QN9,Cerner Corporation,Electronic Case Reporting
53300,nan,nan,
53301,nan,nan,
53302,nan,nan,
53303,nan,nan,
53304,nan,nan,
53305,nan,nan,
53306,nan,nan,
53308,nan,nan,
53309,nan,nan,
53311,nan,nan,
60001,0015CWG9E12DJH8,Imprivata,Imprivata FairWarning
60003,0015CHL24QZ8GAF,Epic Systems Corporation,Beacon Cancer Registry Reporting
60004,0015C0DCY0BK7AU,Epic Systems Corporation,Beacon Cancer Registry Reporting
60006,0015CAE6GWX8C4P,"eClinicalWorks, LLC",eClinicalWorks
60008,0015C0MQ3R4XUU1,DrFirst,Rcopia
60009,0015C0DCY0BK7AU,Epic Systems Corporation,Beacon Cancer Registry Reporting
60010,0015CAK9A8GS8FC,Epic Systems Corporation,Beaker Reportable Labs Reporting
60011,0015CJZ7U2P5UY2,Epic Systems Corporation,EpicCare Ambulatory Base
60012,0015CHL24QZ8GAF,Epic Systems Corporation,Beacon Cancer Registry Reporting
60013,0015CHL24QZ8GAF,Epic Systems Corporation,Beacon Cancer Registry Reporting
60014,0015C622YQ4JDC3,"Surescripts, LLC",Surescripts Clinical Direct Messaging
60015,0015CHL24QZ8GAF,Epic Systems Corporation,Beacon Cancer Registry Reporting
60020,0015CAK9A8GS8FC,Epic Systems Corporation,Beaker Reportable Labs Reporting
60022,0015CAK9A8GS8FC,Epic Systems Corporation,Beaker Reportable Labs Reporting
60023,0015C0DCY0BK7AU,Epic Systems Corporation,Beacon Cancer Registry Reporting
60024,0015CAK9A8GS8FC,Epic Systems Corporation,Beaker Reportable Labs Reporting
60027,0015CW3NXQ9AG42,Epic Systems Corporation,Beaker Reportable Labs Reporting
60028,0015C0DCY0BK7AU,Epic Systems Corporation,Beacon Cancer Registry Reporting
60030,0015CWG9E12DJH8,Imprivata,Imprivata FairWarning
60031,0015CHL24QZ8GAF,Epic Systems Corporation,Beacon Cancer Registry Reporting
60032,0015C622YQ4JDC3,"Surescripts, LLC",Surescripts Clinical Direct Messaging
60034,0015C622YQ4JDC3,"Surescripts, LLC",Surescripts Clinical Direct Messaging
60044,0015CHL24QZ8GAF,Epic Systems Corporation,Beacon Cancer Registry Reporting
60049,0015CAK9A8GS8FC,Epic Systems Corporation,Beaker Reportable Labs Reporting
60054,0015C3FZS7VC6A2,NextGen Healthcare,NextGen Direct Messaging
60064,0015CHL24QZ8GAF,Epic Systems Corporation,Beacon Cancer Registry Reporting
60065,0015C622YQ4JDC3,"Surescripts, LLC",Surescripts Clinical Direct Messaging
60071,0015CHN9LPY9SJM,Rural Wisconsin Health Cooperative,RWHC eCQM QI Program
60075,0015CQH8MT2B8LA,"Park Avenue Capital, LLC dba MaxMD",MaxMD Direct mdEmail®
60076,0015CWG9E12DJH8,Imprivata,Imprivata FairWarning
60096,0015C61U4KCN7UM,Cerner Corporation,Antimicrobial Usage and Resistance Reporting
60100,0015C622YQ4JDC3,"Surescripts, LLC",Surescripts Clinical Direct Messaging
60103,0015CHL24QZ8GAF,Epic Systems Corporation,Beacon Cancer Registry Reporting
60104,0015CHL24QZ8GAF,Epic Systems Corporation,Beacon Cancer Registry Reporting
60107,0015C0DCY0BK7AU,Epic Systems Corporation,Beacon Cancer Registry Reporting
60112,0015C622YQ4JDC3,"Surescripts, LLC",Surescripts Clinical Direct Messaging
60113,0015CHL24QZ8GAF,Epic Systems Corporation,Beacon Cancer Registry Reporting
60114,0015CHL24QZ8GAF,Epic Systems Corporation,Beacon Cancer Registry Reporting
60116,0015C0DCY0BK7AU,Epic Systems Corporation,Beacon Cancer Registry Reporting
60117,0015CTG6K0EW7TC,Cerner Corporation,Electronic Case Reporting
60118,0015CHL24QZ8GAF,Epic Systems Corporation,Beacon Cancer Registry Reporting
60119,0015CAK9A8GS8FC,Epic Systems Corporation,Beaker Reportable Labs Reporting
60124,0015CHL24QZ8GAF,Epic Systems Corporation,Beacon Cancer Registry Reporting
60125,0015CHL24QZ8GAF,Epic Systems Corporation,Beacon Cancer Registry Reporting
60126,0015CWG9E12DJH8,Imprivata,Imprivata FairWarning
60128,0015CAK9A8GS8FC,Epic Systems Corporation,Beaker Reportable Labs Reporting
60129,0015CAK9A8GS8FC,Epic Systems Corporation,Beaker Reportable Labs Reporting
60130,0015CAK9A8GS8FC,Epic Systems Corporation,Beaker Reportable Labs Reporting
60131,0015CAK9A8GS8FC,Epic Systems Corporation,Beaker Reportable Labs Reporting
60132,0015CAK9A8GS8FC,Epic Systems Corporation,Beaker Reportable Labs Reporting
60133,nan,nan,
61300,0015CT0PPT32RH0,Persivia,Persivia Platform
61301,0015CYW2BQU9ZLP,Darena Solutions LLC,MeldRx
61302,0015C9RZT2RPA5Z,Cerner Corporation,HealthSentry
61303,0015CWG9E12DJH8,Imprivata,Imprivata FairWarning
61304,0015CT0PPT32RH0,Persivia,Persivia Platform
61305,0015CT0PPT32RH0,Persivia,Persivia Platform
61306,0015CND5SVV3P54,Cerner Corporation,Electronic Case Reporting
61307,0015CT0PPT32RH0,Persivia,Persivia Platform
61308,0015C0MQ3R4XUU1,DrFirst,Rcopia
61309,0015C1MWQ0ZHE9S,Cerner Corporation,Electronic Case Reporting
61310,nan,nan,
61311,0015CT0PPT32RH0,Persivia,Persivia Platform
61312,nan,nan,
61313,0015CFG3Q10HY2V,"Inpriva, Inc.",hDirect Network Services
61314,0015C0DCY0BK7AU,Epic Systems Corporation,Beacon Cancer Registry Reporting
61315,0015CND5SVV3P54,Cerner Corporation,Electronic Case Reporting
61316,0015CCA7GFU9FPQ,DrFirst,Rcopia
61317,0015C12MXW64U74,DrFirst,Rcopia
61318,0015CKZ8AKC9WYJ,Epic Systems Corporation,Beacon Cancer Registry Reporting
61319,0015CT0PPT32RH0,Persivia,Persivia Platform
61320,0015CFG3Q10HY2V,"Inpriva, Inc.",hDirect Network Services
61321,0015C3F20PYT21K,Secure Exchange Solutions,SES Direct
61322,0015CFG3Q10HY2V,"Inpriva, Inc.",hDirect Network Services
61323,0015CFG3Q10HY2V,"Inpriva, Inc.",hDirect Network Services
61324,0015CFQ38VFC9FT,Epic Systems Corporation,Beaker Reportable Labs Reporting
61325,0015CRQ17LDK72U,NextGen Healthcare,NextGen Direct Messaging
61326,0015CAK9A8GS8FC,Epic Systems Corporation,Beaker Reportable Labs Reporting
61327,0015CNP3UDD35XH,Cerner Corporation,Electronic Case Reporting
61328,0015CZR2ZEC294M,Cerner Corporation,Antimicrobial Usage and Resistance Reporting
61336,nan,nan,
61343,0015CFG3Q10HY2V,"Inpriva, Inc.",hDirect Network Services
61344,0015CHL24QZ8GAF,Epic Systems Corporation,Beacon Cancer Registry Reporting
63301,nan,nan,
63303,nan,nan,
640001,nan,nan,
650001,nan,nan,
650003,nan,nan,
660001,nan,nan,
670005,0015C80E18RAW4X,Cerner Corporation,Electronic Case Reporting
670006,nan,nan,
670008,0015CQZ3GL3N8TR,"Premier Healthcare Solutions, Inc.",eCQM Calculator
670010,nan,nan,
670023,0015CU63GY58X0S,Epic Systems Corporation,Beaker Reportable Labs Reporting
670025,0015CWW3R9FPD02,Epic Systems Corporation,Beacon Cancer Registry Reporting
670031,0015CGT4FHR4BVQ,"Surescripts, LLC",Surescripts Clinical Direct Messaging
670034,0015CWW3R9FPD02,Epic Systems Corporation,Beacon Cancer Registry Reporting
670041,0015C5LFV335W0K,Cerner Corporation,Electronic Case Reporting
670043,0015CR8535UDY24,"InterOperability Bidco, Inc., d.b.a. Rhapsody",Rhapsody Integration Engine
670044,0015CW9NZ1EMD4T,"InterOperability Bidco, Inc., d.b.a. Rhapsody",Rhapsody Integration Engine
670047,0015CPS61Z1JW9R,Cerner Corporation,Electronic Case Reporting
670049,0015C80E18RAW4X,Cerner Corporation,Electronic Case Reporting
670053,0015CWD2653NY5L,Epic Systems Corporation,Beacon Cancer Registry Reporting
670054,nan,nan,
670055,0015C622YQ4JDC3,"Surescripts, LLC",Surescripts Clinical Direct Messaging
670056,0015C5LFV335W0K,Cerner Corporation,Electronic Case Reporting
670059,0015CWD2653NY5L,Epic Systems Corporation,Beacon Cancer Registry Reporting
670060,0015C80E18RAW4X,Cerner Corporation,Electronic Case Reporting
670062,nan,nan,
670067,0015C80E18RAW4X,Cerner Corporation,Electronic Case Reporting
670068,0015CW9NZ1EMD4T,"InterOperability Bidco, Inc., d.b.a. Rhapsody",Rhapsody Integration Engine
670069,nan,nan,
670071,0015CW9NZ1EMD4T,"InterOperability Bidco, Inc., d.b.a. Rhapsody",Rhapsody Integration Engine
670073,nan,nan,
670075,0015CWD2653NY5L,Epic Systems Corporation,Beacon Cancer Registry Reporting
670076,0015C80E18RAW4X,Cerner Corporation,Electronic Case Reporting
670077,0015C4WYM9EVW5K,Epic Systems Corporation,Beacon Cancer Registry Reporting
670078,nan,nan,
670080,0015C4J0ZKW5KKJ,Epic Systems Corporation,EpicCare Inpatient Base
670082,0015CWW3R9FPD02,Epic Systems Corporation,Beacon Cancer Registry Reporting
670085,0015CW9NZ1EMD4T,"InterOperability Bidco, Inc., d.b.a. Rhapsody",Rhapsody Integration Engine
670088,0015CWW3R9FPD02,Epic Systems Corporation,Beacon Cancer Registry Reporting
670090,0015CFG3Q10HY2V,"Inpriva, Inc.",hDirect Network Services
670093,nan,nan,
670098,0015CLT8S0A3MT6,Cerner Corporation,Electronic Case Reporting
670102,nan,nan,
670103,0015C622YQ4JDC3,"Surescripts, LLC",Surescripts Clinical Direct Messaging
670106,0015C622YQ4JDC3,"Surescripts, LLC",Surescripts Clinical Direct Messaging
670107,nan,nan,
670108,0015CWW3R9FPD02,Epic Systems Corporation,Beacon Cancer Registry Reporting
670109,nan,nan,
670112,0015CP587BP0W9H,"Inpriva, Inc.",hDirect Network Services
670115,nan,nan,
670120,0015CLT8S0A3MT6,Cerner Corporation,Electronic Case Reporting
670121,nan,nan,
670122,0015C4WYM9EVW5K,Epic Systems Corporation,Beacon Cancer Registry Reporting
670124,nan,nan,
670125,nan,nan,
670128,0015CWW3R9FPD02,Epic Systems Corporation,Beacon Cancer Registry Reporting
670131,0015CWW3R9FPD02,Epic Systems Corporation,Beacon Cancer Registry Reporting
670132,0015CU63GY58X0S,Epic Systems Corporation,Beaker Reportable Labs Reporting
670134,nan,nan,
670135,nan,nan,
670136,0015CWW3R9FPD02,Epic Systems Corporation,Beacon Cancer Registry Reporting
670143,0015C5LFV335W0K,Cerner Corporation,Electronic Case Reporting
670259,0015C5CZY35448J,Azalea Health,Azalea EHR
670260,0015CW9NZ1EMD4T,"InterOperability Bidco, Inc., d.b.a. Rhapsody",Rhapsody Integration Engine
670265,0015CP587BP0W9H,"Inpriva, Inc.",hDirect Network Services
670266,nan,nan,
670267,nan,nan,
670280,nan,nan,
670285,nan,nan,
670300,0015CU63GY58X0S,Epic Systems Corporation,Beaker Reportable Labs Reporting
670309,0015CEL8EWK7PAH,Cerner Corporation,Electronic Case Reporting
670314,nan,nan,
670320,nan,nan,
670321,nan,nan,
670322,nan,nan,
670326,nan,nan,
670327,nan,nan,
671300,0015C2XBM59VCV5,Secure Exchange Solutions,SES Direct
671301,0015CTY5P3PK4EQ,Cerner Corporation,Electronic Case Reporting
70002,0015CWX4T21MQW2,Epic Systems Corporation,EpicCare Ambulatory Base
70003,nan,nan,
70004,0015CF6CR28MVL0,Imprivata,Imprivata FairWarning
70005,0015CJH1TBF4SRU,Cerner Corporation,Electronic Case Reporting
70006,0015C994D7YVM3U,Secure Exchange Solutions,SES Direct
70007,0015C257B7545Y1,Epic Systems Corporation,Beacon Cancer Registry Reporting
70008,0015CWX4T21MQW2,Epic Systems Corporation,EpicCare Ambulatory Base
70010,0015C257B7545Y1,Epic Systems Corporation,Beacon Cancer Registry Reporting
70011,0015CCP50T3KUV7,Epic Systems Corporation,Beacon Cancer Registry Reporting
70012,nan,nan,
70016,0015CX9ZDZ5GG33,Epic Systems Corporation,EpicCare Ambulatory Base
70017,0015CCP50T3KUV7,Epic Systems Corporation,Beacon Cancer Registry Reporting
70018,0015C257B7545Y1,Epic Systems Corporation,Beacon Cancer Registry Reporting
70020,0015CHF5FJ025NF,Epic Systems Corporation,Beaker Reportable Labs Reporting
70021,0015CCP50T3KUV7,Epic Systems Corporation,Beacon Cancer Registry Reporting
70022,0015C257B7545Y1,Epic Systems Corporation,Beacon Cancer Registry Reporting
70024,0015CCP50T3KUV7,Epic Systems Corporation,Beacon Cancer Registry Reporting
70025,0015CCP50T3KUV7,Epic Systems Corporation,Beacon Cancer Registry Reporting
70027,nan,nan,
70028,0015CCP50T3KUV7,Epic Systems Corporation,Beacon Cancer Registry Reporting
70029,0015C2XBM59VCV5,Secure Exchange Solutions,SES Direct
70031,0015CE4ZXJ0FKT5,Secure Exchange Solutions,SES Direct
70033,0015CX8K9UM3M52,Cerner Corporation,Electronic Case Reporting
70034,0015CX8K9UM3M52,Cerner Corporation,Electronic Case Reporting
70035,0015CCP50T3KUV7,Epic Systems Corporation,Beacon Cancer Registry Reporting
70036,0015CUV4GH9SX3G,Epic Systems Corporation,Beaker Reportable Labs Reporting
70038,nan,nan,
73300,nan,nan,
80001,0015CTB8NHS6NGG,Imprivata,Imprivata FairWarning
80003,0015C8XCN16R6V5,Epic Systems Corporation,Beacon Cancer Registry Reporting
80004,0015CJY92H4P8VW,Epic Systems Corporation,Beacon Cancer Registry Reporting
80006,0015CYK074QMH4Z,Epic Systems Corporation,Beacon Cancer Registry Reporting
80007,0015CHW46RX9BFS,Cerner Corporation,Antimicrobial Usage and Resistance Reporting
80009,0015CJY92H4P8VW,Epic Systems Corporation,Beacon Cancer Registry Reporting
83300,nan,nan,
90001,0015CQC4AND9RQT,Cerner Corporation,Antimicrobial Usage and Resistance Reporting
90003,0015CJF28L5T268,Cerner Corporation,Soarian Clinicals
90004,0015C6NE153843T,Cerner Corporation,Antimicrobial Usage and Resistance Reporting
90005,0015C6D7SZ9A442,Epic Systems Corporation,Electronic Case Reporting
90008,0015C6J0C3TYG66,Secure Exchange Solutions,SES Direct
90011,0015C6NE153843T,Cerner Corporation,Antimicrobial Usage and Resistance Reporting
93300,nan,nan,
